<?xml version="1.0" encoding="UTF-8" ?>
<!-- This is a WordPress eXtended RSS file generated by WordPress as an export of your site. -->
<!-- It contains information about your site's posts, pages, comments, categories, and other content. -->
<!-- You may use this file to transfer that content from one site to another. -->
<!-- This file is not intended to serve as a complete backup of your site. -->

<!-- To import this information into a WordPress site follow these steps: -->
<!-- 1. Log in to that site as an administrator. -->
<!-- 2. Go to Tools: Import in the WordPress admin panel. -->
<!-- 3. Install the "WordPress" importer from the list. -->
<!-- 4. Activate & Run Importer. -->
<!-- 5. Upload this file using the form provided on that page. -->
<!-- 6. You will first be asked to map the authors in this export file to users -->
<!--    on the site. For each author, you may choose to map to an -->
<!--    existing user on the site or to create a new user. -->
<!-- 7. WordPress will then import each of the posts, pages, comments, categories, etc. -->
<!--    contained in this file into your site. -->

<!-- generator="WordPress.com" created="2021-04-15 08:32"-->
<rss version="2.0"
	xmlns:excerpt="http://wordpress.org/export/1.2/excerpt/"
	xmlns:content="http://purl.org/rss/1.0/modules/content/"
	xmlns:wfw="http://wellformedweb.org/CommentAPI/"
	xmlns:dc="http://purl.org/dc/elements/1.1/"
	xmlns:wp="http://wordpress.org/export/1.2/"
>

<channel>
	<title>Priyanka Kasturia</title>
	<link>https://priyankakasturia.wordpress.com</link>
	<description>&#124;&#124; Science Enthusiast &#124;&#124; Physics Learner &#124;&#124;</description>
	<pubDate>Thu, 15 Apr 2021 08:32:53 +0000</pubDate>
	<language></language>
	<wp:wxr_version>1.2</wp:wxr_version>
	<wp:base_site_url>http://wordpress.com/</wp:base_site_url>
	<wp:base_blog_url>https://priyankakasturia.wordpress.com</wp:base_blog_url>

	<wp:author><wp:author_id>196580981</wp:author_id><wp:author_login><![CDATA[sciencecept123]]></wp:author_login><wp:author_email><![CDATA[sciencecept123@gmail.com]]></wp:author_email><wp:author_display_name><![CDATA[science concept]]></wp:author_display_name><wp:author_first_name><![CDATA[science]]></wp:author_first_name><wp:author_last_name><![CDATA[concept]]></wp:author_last_name></wp:author>

	<wp:category><wp:term_id>1</wp:term_id><wp:category_nicename>uncategorized</wp:category_nicename><wp:category_parent></wp:category_parent><wp:cat_name><![CDATA[Uncategorized]]></wp:cat_name>
</wp:category>
	<wp:term><wp:term_id>1358</wp:term_id><wp:term_taxonomy>nav_menu</wp:term_taxonomy><wp:term_slug><![CDATA[main]]></wp:term_slug><wp:term_name><![CDATA[Main]]></wp:term_name>
</wp:term>
	<wp:term><wp:term_id>1357</wp:term_id><wp:term_taxonomy>nav_menu</wp:term_taxonomy><wp:term_slug><![CDATA[primary]]></wp:term_slug><wp:term_name><![CDATA[Primary]]></wp:term_name>
</wp:term>
	<wp:term><wp:term_id>1359</wp:term_id><wp:term_taxonomy>nav_menu</wp:term_taxonomy><wp:term_slug><![CDATA[social-links]]></wp:term_slug><wp:term_name><![CDATA[Social Links]]></wp:term_name>
</wp:term>

	<generator>http://wordpress.com/</generator>
<image>
		<url>http://s0.wp.com/i/buttonw-com.png</url>
		<title>Priyanka Kasturia</title>
		<link>https://priyankakasturia.wordpress.com</link>
	</image>
		
	<item>
		<title>Home</title>
		<link>https://priyankakasturia.wordpress.com/?page_id=2</link>
		<pubDate>Sat, 10 Apr 2021 11:58:29 +0000</pubDate>
		<dc:creator>sciencecept123</dc:creator>
		<guid isPermaLink="false">https://priyankakasturia.wordpress.com/?page_id=2</guid>
		<description></description>
		<content:encoded><![CDATA[<!-- wp:paragraph {"align":"center"} -->
<p class="has-text-align-center"><strong>I’m a person with enthusiasm for science, a passionate physics student having keen interests in mechanics, astrophysics, and cosmology, moving forward with an aim to reach more people to share my knowledge through writing, teaching, and speaking.</strong> </p>
<!-- /wp:paragraph -->

<!-- wp:paragraph {"align":"center"} -->
<p class="has-text-align-center"><strong>It is my personal blog page where I share my thoughts, experiences, and reviews on different science-related stuff and activities.    </strong></p>
<!-- /wp:paragraph -->

<!-- wp:a8c/blog-posts {"imageShape":"uncropped","postLayout":"grid","sectionHeader":"Read my blogs........  "} /-->]]></content:encoded>
		<excerpt:encoded><![CDATA[]]></excerpt:encoded>
		<wp:post_id>2</wp:post_id>
		<wp:post_date>2021-04-10 11:58:29</wp:post_date>
		<wp:post_date_gmt>2021-04-10 11:58:29</wp:post_date_gmt>
		<wp:comment_status>closed</wp:comment_status>
		<wp:ping_status>closed</wp:ping_status>
		<wp:post_name>home</wp:post_name>
		<wp:status>draft</wp:status>
		<wp:post_parent>0</wp:post_parent>
		<wp:menu_order>0</wp:menu_order>
		<wp:post_type>page</wp:post_type>
		<wp:post_password></wp:post_password>
		<wp:is_sticky>0</wp:is_sticky>
		<wp:postmeta>
			<wp:meta_key>sharing_disabled</wp:meta_key>
			<wp:meta_value><![CDATA[a:1:{i:0;N;}]]></wp:meta_value>
		</wp:postmeta>
		<wp:postmeta>
			<wp:meta_key>switch_like_status</wp:meta_key>
			<wp:meta_value><![CDATA[a:1:{i:0;N;}]]></wp:meta_value>
		</wp:postmeta>
		<wp:postmeta>
			<wp:meta_key>_starter_page_template</wp:meta_key>
			<wp:meta_value><![CDATA[]]></wp:meta_value>
		</wp:postmeta>
		<wp:postmeta>
			<wp:meta_key>_publicize_pending</wp:meta_key>
			<wp:meta_value><![CDATA[1]]></wp:meta_value>
		</wp:postmeta>
		<wp:postmeta>
			<wp:meta_key>_last_editor_used_jetpack</wp:meta_key>
			<wp:meta_value><![CDATA[block-editor]]></wp:meta_value>
		</wp:postmeta>
		<wp:postmeta>
			<wp:meta_key>_tft_existing_frontpage</wp:meta_key>
			<wp:meta_value><![CDATA[1]]></wp:meta_value>
		</wp:postmeta>
	</item>
	<item>
		<title></title>
		<link>https://priyankakasturia.wordpress.com/2021/04/11/4/</link>
		<pubDate>Sat, 10 Apr 2021 12:03:29 +0000</pubDate>
		<dc:creator>sciencecept123</dc:creator>
		<guid isPermaLink="false">https://priyankakasturia.wordpress.com/2021/04/10/4/</guid>
		<description></description>
		<content:encoded><![CDATA[ ]]></content:encoded>
		<excerpt:encoded><![CDATA[]]></excerpt:encoded>
		<wp:post_id>4</wp:post_id>
		<wp:post_date>2021-04-11 13:20:35</wp:post_date>
		<wp:post_date_gmt>2021-04-10 12:03:29</wp:post_date_gmt>
		<wp:comment_status>closed</wp:comment_status>
		<wp:ping_status>closed</wp:ping_status>
		<wp:post_name>4</wp:post_name>
		<wp:status>publish</wp:status>
		<wp:post_parent>0</wp:post_parent>
		<wp:menu_order>1</wp:menu_order>
		<wp:post_type>nav_menu_item</wp:post_type>
		<wp:post_password></wp:post_password>
		<wp:is_sticky>0</wp:is_sticky>
		<category domain="nav_menu" nicename="primary"><![CDATA[Primary]]></category>
		<wp:postmeta>
			<wp:meta_key>_publicize_pending</wp:meta_key>
			<wp:meta_value><![CDATA[1]]></wp:meta_value>
		</wp:postmeta>
		<wp:postmeta>
			<wp:meta_key>_menu_item_type</wp:meta_key>
			<wp:meta_value><![CDATA[post_type]]></wp:meta_value>
		</wp:postmeta>
		<wp:postmeta>
			<wp:meta_key>_menu_item_menu_item_parent</wp:meta_key>
			<wp:meta_value><![CDATA[0]]></wp:meta_value>
		</wp:postmeta>
		<wp:postmeta>
			<wp:meta_key>_menu_item_object_id</wp:meta_key>
			<wp:meta_value><![CDATA[37]]></wp:meta_value>
		</wp:postmeta>
		<wp:postmeta>
			<wp:meta_key>_menu_item_object</wp:meta_key>
			<wp:meta_value><![CDATA[page]]></wp:meta_value>
		</wp:postmeta>
		<wp:postmeta>
			<wp:meta_key>_menu_item_target</wp:meta_key>
			<wp:meta_value><![CDATA[]]></wp:meta_value>
		</wp:postmeta>
		<wp:postmeta>
			<wp:meta_key>_menu_item_classes</wp:meta_key>
			<wp:meta_value><![CDATA[a:1:{i:0;s:0:"";}]]></wp:meta_value>
		</wp:postmeta>
		<wp:postmeta>
			<wp:meta_key>_menu_item_xfn</wp:meta_key>
			<wp:meta_value><![CDATA[]]></wp:meta_value>
		</wp:postmeta>
		<wp:postmeta>
			<wp:meta_key>_menu_item_url</wp:meta_key>
			<wp:meta_value><![CDATA[]]></wp:meta_value>
		</wp:postmeta>
		<wp:postmeta>
			<wp:meta_key>_menu_item_content</wp:meta_key>
			<wp:meta_value><![CDATA[]]></wp:meta_value>
		</wp:postmeta>
		<wp:postmeta>
			<wp:meta_key>_wp_old_date</wp:meta_key>
			<wp:meta_value><![CDATA[2021-04-10]]></wp:meta_value>
		</wp:postmeta>
	</item>
	<item>
		<title>Twitter</title>
		<link>https://priyankakasturia.wordpress.com/2021/04/11/twitter/</link>
		<pubDate>Sat, 10 Apr 2021 12:03:29 +0000</pubDate>
		<dc:creator>sciencecept123</dc:creator>
		<guid isPermaLink="false">https://priyankakasturia.wordpress.com/2021/04/10/twitter/</guid>
		<description></description>
		<content:encoded><![CDATA[]]></content:encoded>
		<excerpt:encoded><![CDATA[]]></excerpt:encoded>
		<wp:post_id>6</wp:post_id>
		<wp:post_date>2021-04-11 12:03:26</wp:post_date>
		<wp:post_date_gmt>2021-04-10 12:03:29</wp:post_date_gmt>
		<wp:comment_status>closed</wp:comment_status>
		<wp:ping_status>closed</wp:ping_status>
		<wp:post_name>twitter</wp:post_name>
		<wp:status>publish</wp:status>
		<wp:post_parent>0</wp:post_parent>
		<wp:menu_order>1</wp:menu_order>
		<wp:post_type>nav_menu_item</wp:post_type>
		<wp:post_password></wp:post_password>
		<wp:is_sticky>0</wp:is_sticky>
		<category domain="nav_menu" nicename="social-links"><![CDATA[Social Links]]></category>
		<wp:postmeta>
			<wp:meta_key>_publicize_pending</wp:meta_key>
			<wp:meta_value><![CDATA[1]]></wp:meta_value>
		</wp:postmeta>
		<wp:postmeta>
			<wp:meta_key>_menu_item_type</wp:meta_key>
			<wp:meta_value><![CDATA[custom]]></wp:meta_value>
		</wp:postmeta>
		<wp:postmeta>
			<wp:meta_key>_menu_item_menu_item_parent</wp:meta_key>
			<wp:meta_value><![CDATA[0]]></wp:meta_value>
		</wp:postmeta>
		<wp:postmeta>
			<wp:meta_key>_menu_item_object_id</wp:meta_key>
			<wp:meta_value><![CDATA[6]]></wp:meta_value>
		</wp:postmeta>
		<wp:postmeta>
			<wp:meta_key>_menu_item_object</wp:meta_key>
			<wp:meta_value><![CDATA[custom]]></wp:meta_value>
		</wp:postmeta>
		<wp:postmeta>
			<wp:meta_key>_menu_item_target</wp:meta_key>
			<wp:meta_value><![CDATA[]]></wp:meta_value>
		</wp:postmeta>
		<wp:postmeta>
			<wp:meta_key>_menu_item_classes</wp:meta_key>
			<wp:meta_value><![CDATA[a:1:{i:0;s:0:"";}]]></wp:meta_value>
		</wp:postmeta>
		<wp:postmeta>
			<wp:meta_key>_menu_item_xfn</wp:meta_key>
			<wp:meta_value><![CDATA[]]></wp:meta_value>
		</wp:postmeta>
		<wp:postmeta>
			<wp:meta_key>_menu_item_url</wp:meta_key>
			<wp:meta_value><![CDATA[https://twitter.com/Ms_Priyanka_]]></wp:meta_value>
		</wp:postmeta>
		<wp:postmeta>
			<wp:meta_key>_menu_item_content</wp:meta_key>
			<wp:meta_value><![CDATA[]]></wp:meta_value>
		</wp:postmeta>
		<wp:postmeta>
			<wp:meta_key>_wp_old_date</wp:meta_key>
			<wp:meta_value><![CDATA[2021-04-10]]></wp:meta_value>
		</wp:postmeta>
	</item>
	<item>
		<title>Instagram</title>
		<link>https://priyankakasturia.wordpress.com/2021/04/11/instagram/</link>
		<pubDate>Sat, 10 Apr 2021 12:03:29 +0000</pubDate>
		<dc:creator>sciencecept123</dc:creator>
		<guid isPermaLink="false">https://priyankakasturia.wordpress.com/2021/04/10/instagram/</guid>
		<description></description>
		<content:encoded><![CDATA[]]></content:encoded>
		<excerpt:encoded><![CDATA[]]></excerpt:encoded>
		<wp:post_id>7</wp:post_id>
		<wp:post_date>2021-04-11 12:05:20</wp:post_date>
		<wp:post_date_gmt>2021-04-10 12:03:29</wp:post_date_gmt>
		<wp:comment_status>closed</wp:comment_status>
		<wp:ping_status>closed</wp:ping_status>
		<wp:post_name>instagram</wp:post_name>
		<wp:status>publish</wp:status>
		<wp:post_parent>0</wp:post_parent>
		<wp:menu_order>2</wp:menu_order>
		<wp:post_type>nav_menu_item</wp:post_type>
		<wp:post_password></wp:post_password>
		<wp:is_sticky>0</wp:is_sticky>
		<category domain="nav_menu" nicename="social-links"><![CDATA[Social Links]]></category>
		<wp:postmeta>
			<wp:meta_key>_publicize_pending</wp:meta_key>
			<wp:meta_value><![CDATA[1]]></wp:meta_value>
		</wp:postmeta>
		<wp:postmeta>
			<wp:meta_key>_menu_item_type</wp:meta_key>
			<wp:meta_value><![CDATA[custom]]></wp:meta_value>
		</wp:postmeta>
		<wp:postmeta>
			<wp:meta_key>_menu_item_menu_item_parent</wp:meta_key>
			<wp:meta_value><![CDATA[0]]></wp:meta_value>
		</wp:postmeta>
		<wp:postmeta>
			<wp:meta_key>_menu_item_object_id</wp:meta_key>
			<wp:meta_value><![CDATA[7]]></wp:meta_value>
		</wp:postmeta>
		<wp:postmeta>
			<wp:meta_key>_menu_item_object</wp:meta_key>
			<wp:meta_value><![CDATA[custom]]></wp:meta_value>
		</wp:postmeta>
		<wp:postmeta>
			<wp:meta_key>_menu_item_target</wp:meta_key>
			<wp:meta_value><![CDATA[]]></wp:meta_value>
		</wp:postmeta>
		<wp:postmeta>
			<wp:meta_key>_menu_item_classes</wp:meta_key>
			<wp:meta_value><![CDATA[a:1:{i:0;s:0:"";}]]></wp:meta_value>
		</wp:postmeta>
		<wp:postmeta>
			<wp:meta_key>_menu_item_xfn</wp:meta_key>
			<wp:meta_value><![CDATA[]]></wp:meta_value>
		</wp:postmeta>
		<wp:postmeta>
			<wp:meta_key>_menu_item_url</wp:meta_key>
			<wp:meta_value><![CDATA[https://www.instagram.com/life_of_sciences/]]></wp:meta_value>
		</wp:postmeta>
		<wp:postmeta>
			<wp:meta_key>_menu_item_content</wp:meta_key>
			<wp:meta_value><![CDATA[]]></wp:meta_value>
		</wp:postmeta>
		<wp:postmeta>
			<wp:meta_key>_wp_old_date</wp:meta_key>
			<wp:meta_value><![CDATA[2021-04-10]]></wp:meta_value>
		</wp:postmeta>
	</item>
	<item>
		<title>Facebook</title>
		<link>https://priyankakasturia.wordpress.com/2021/04/11/facebook/</link>
		<pubDate>Sat, 10 Apr 2021 12:03:29 +0000</pubDate>
		<dc:creator>sciencecept123</dc:creator>
		<guid isPermaLink="false">https://priyankakasturia.wordpress.com/2021/04/10/facebook/</guid>
		<description></description>
		<content:encoded><![CDATA[]]></content:encoded>
		<excerpt:encoded><![CDATA[]]></excerpt:encoded>
		<wp:post_id>8</wp:post_id>
		<wp:post_date>2021-04-11 12:05:24</wp:post_date>
		<wp:post_date_gmt>2021-04-10 12:03:29</wp:post_date_gmt>
		<wp:comment_status>closed</wp:comment_status>
		<wp:ping_status>closed</wp:ping_status>
		<wp:post_name>facebook</wp:post_name>
		<wp:status>publish</wp:status>
		<wp:post_parent>0</wp:post_parent>
		<wp:menu_order>3</wp:menu_order>
		<wp:post_type>nav_menu_item</wp:post_type>
		<wp:post_password></wp:post_password>
		<wp:is_sticky>0</wp:is_sticky>
		<category domain="nav_menu" nicename="social-links"><![CDATA[Social Links]]></category>
		<wp:postmeta>
			<wp:meta_key>_publicize_pending</wp:meta_key>
			<wp:meta_value><![CDATA[1]]></wp:meta_value>
		</wp:postmeta>
		<wp:postmeta>
			<wp:meta_key>_menu_item_type</wp:meta_key>
			<wp:meta_value><![CDATA[custom]]></wp:meta_value>
		</wp:postmeta>
		<wp:postmeta>
			<wp:meta_key>_menu_item_menu_item_parent</wp:meta_key>
			<wp:meta_value><![CDATA[0]]></wp:meta_value>
		</wp:postmeta>
		<wp:postmeta>
			<wp:meta_key>_menu_item_object_id</wp:meta_key>
			<wp:meta_value><![CDATA[8]]></wp:meta_value>
		</wp:postmeta>
		<wp:postmeta>
			<wp:meta_key>_menu_item_object</wp:meta_key>
			<wp:meta_value><![CDATA[custom]]></wp:meta_value>
		</wp:postmeta>
		<wp:postmeta>
			<wp:meta_key>_menu_item_target</wp:meta_key>
			<wp:meta_value><![CDATA[]]></wp:meta_value>
		</wp:postmeta>
		<wp:postmeta>
			<wp:meta_key>_menu_item_classes</wp:meta_key>
			<wp:meta_value><![CDATA[a:1:{i:0;s:0:"";}]]></wp:meta_value>
		</wp:postmeta>
		<wp:postmeta>
			<wp:meta_key>_menu_item_xfn</wp:meta_key>
			<wp:meta_value><![CDATA[]]></wp:meta_value>
		</wp:postmeta>
		<wp:postmeta>
			<wp:meta_key>_menu_item_url</wp:meta_key>
			<wp:meta_value><![CDATA[https://www.facebook.com/priyanka.kasturia.125]]></wp:meta_value>
		</wp:postmeta>
		<wp:postmeta>
			<wp:meta_key>_menu_item_content</wp:meta_key>
			<wp:meta_value><![CDATA[]]></wp:meta_value>
		</wp:postmeta>
		<wp:postmeta>
			<wp:meta_key>_wp_old_date</wp:meta_key>
			<wp:meta_value><![CDATA[2021-04-10]]></wp:meta_value>
		</wp:postmeta>
	</item>
	<item>
		<title>Placeholder Image</title>
		<link>https://priyankakasturia.wordpress.com/placeholder-image/</link>
		<pubDate>Sat, 10 Apr 2021 12:03:30 +0000</pubDate>
		<dc:creator>sciencecept123</dc:creator>
		<guid isPermaLink="false">http://priyankakasturia.files.wordpress.com/2021/04/beautiful-daytime-door-1182733-1.jpg</guid>
		<description></description>
		<content:encoded><![CDATA[]]></content:encoded>
		<excerpt:encoded><![CDATA[]]></excerpt:encoded>
		<wp:post_id>10</wp:post_id>
		<wp:post_date>2021-04-10 17:33:30</wp:post_date>
		<wp:post_date_gmt>2021-04-10 12:03:30</wp:post_date_gmt>
		<wp:comment_status>open</wp:comment_status>
		<wp:ping_status>closed</wp:ping_status>
		<wp:post_name>placeholder-image</wp:post_name>
		<wp:status>inherit</wp:status>
		<wp:post_parent>0</wp:post_parent>
		<wp:menu_order>0</wp:menu_order>
		<wp:post_type>attachment</wp:post_type>
		<wp:post_password></wp:post_password>
		<wp:is_sticky>0</wp:is_sticky>
		<wp:attachment_url>https://priyankakasturia.files.wordpress.com/2021/04/beautiful-daytime-door-1182733-1.jpg</wp:attachment_url>
		<wp:postmeta>
			<wp:meta_key>_wp_attached_file</wp:meta_key>
			<wp:meta_value><![CDATA[/home/wpcom/public_html/wp-content/blogs.dir/68c/191766490/files/2021/04/beautiful-daytime-door-1182733-1.jpg]]></wp:meta_value>
		</wp:postmeta>
		<wp:postmeta>
			<wp:meta_key>_wp_attachment_metadata</wp:meta_key>
			<wp:meta_value><![CDATA[a:6:{s:5:"width";i:1500;s:6:"height";i:2000;s:4:"file";s:109:"/home/wpcom/public_html/wp-content/blogs.dir/68c/191766490/files/2021/04/beautiful-daytime-door-1182733-1.jpg";s:5:"sizes";a:0:{}s:10:"image_meta";a:12:{s:8:"aperture";s:1:"0";s:6:"credit";s:0:"";s:6:"camera";s:0:"";s:7:"caption";s:0:"";s:17:"created_timestamp";s:1:"0";s:9:"copyright";s:0:"";s:12:"focal_length";s:1:"0";s:3:"iso";s:1:"0";s:13:"shutter_speed";s:1:"0";s:5:"title";s:0:"";s:11:"orientation";s:1:"0";s:8:"keywords";a:0:{}}s:8:"filesize";i:240700;}]]></wp:meta_value>
		</wp:postmeta>
	</item>
	<item>
		<title>Placeholder Image</title>
		<link>https://priyankakasturia.wordpress.com/placeholder-image-2/</link>
		<pubDate>Sat, 10 Apr 2021 12:03:30 +0000</pubDate>
		<dc:creator>sciencecept123</dc:creator>
		<guid isPermaLink="false">http://priyankakasturia.files.wordpress.com/2021/04/concrete-daytime-dress-1182700-1.jpg</guid>
		<description></description>
		<content:encoded><![CDATA[]]></content:encoded>
		<excerpt:encoded><![CDATA[]]></excerpt:encoded>
		<wp:post_id>11</wp:post_id>
		<wp:post_date>2021-04-10 17:33:30</wp:post_date>
		<wp:post_date_gmt>2021-04-10 12:03:30</wp:post_date_gmt>
		<wp:comment_status>open</wp:comment_status>
		<wp:ping_status>closed</wp:ping_status>
		<wp:post_name>placeholder-image-2</wp:post_name>
		<wp:status>inherit</wp:status>
		<wp:post_parent>0</wp:post_parent>
		<wp:menu_order>0</wp:menu_order>
		<wp:post_type>attachment</wp:post_type>
		<wp:post_password></wp:post_password>
		<wp:is_sticky>0</wp:is_sticky>
		<wp:attachment_url>https://priyankakasturia.files.wordpress.com/2021/04/concrete-daytime-dress-1182700-1.jpg</wp:attachment_url>
		<wp:postmeta>
			<wp:meta_key>_wp_attached_file</wp:meta_key>
			<wp:meta_value><![CDATA[/home/wpcom/public_html/wp-content/blogs.dir/68c/191766490/files/2021/04/concrete-daytime-dress-1182700-1.jpg]]></wp:meta_value>
		</wp:postmeta>
		<wp:postmeta>
			<wp:meta_key>_wp_attachment_metadata</wp:meta_key>
			<wp:meta_value><![CDATA[a:6:{s:5:"width";i:1500;s:6:"height";i:2000;s:4:"file";s:109:"/home/wpcom/public_html/wp-content/blogs.dir/68c/191766490/files/2021/04/concrete-daytime-dress-1182700-1.jpg";s:5:"sizes";a:0:{}s:10:"image_meta";a:12:{s:8:"aperture";s:1:"0";s:6:"credit";s:0:"";s:6:"camera";s:0:"";s:7:"caption";s:0:"";s:17:"created_timestamp";s:1:"0";s:9:"copyright";s:0:"";s:12:"focal_length";s:1:"0";s:3:"iso";s:1:"0";s:13:"shutter_speed";s:1:"0";s:5:"title";s:0:"";s:11:"orientation";s:1:"0";s:8:"keywords";a:0:{}}s:8:"filesize";i:156003;}]]></wp:meta_value>
		</wp:postmeta>
	</item>
	<item>
		<title>Placeholder Image</title>
		<link>https://priyankakasturia.wordpress.com/placeholder-image-3/</link>
		<pubDate>Sat, 10 Apr 2021 12:03:30 +0000</pubDate>
		<dc:creator>sciencecept123</dc:creator>
		<guid isPermaLink="false">http://priyankakasturia.files.wordpress.com/2021/04/blue-fashion-footwear-1182701-e1564438117938-1.jpg</guid>
		<description></description>
		<content:encoded><![CDATA[]]></content:encoded>
		<excerpt:encoded><![CDATA[]]></excerpt:encoded>
		<wp:post_id>12</wp:post_id>
		<wp:post_date>2021-04-10 17:33:30</wp:post_date>
		<wp:post_date_gmt>2021-04-10 12:03:30</wp:post_date_gmt>
		<wp:comment_status>open</wp:comment_status>
		<wp:ping_status>closed</wp:ping_status>
		<wp:post_name>placeholder-image-3</wp:post_name>
		<wp:status>inherit</wp:status>
		<wp:post_parent>0</wp:post_parent>
		<wp:menu_order>0</wp:menu_order>
		<wp:post_type>attachment</wp:post_type>
		<wp:post_password></wp:post_password>
		<wp:is_sticky>0</wp:is_sticky>
		<wp:attachment_url>https://priyankakasturia.files.wordpress.com/2021/04/blue-fashion-footwear-1182701-e1564438117938-1.jpg</wp:attachment_url>
		<wp:postmeta>
			<wp:meta_key>_wp_attached_file</wp:meta_key>
			<wp:meta_value><![CDATA[/home/wpcom/public_html/wp-content/blogs.dir/68c/191766490/files/2021/04/blue-fashion-footwear-1182701-e1564438117938-1.jpg]]></wp:meta_value>
		</wp:postmeta>
		<wp:postmeta>
			<wp:meta_key>_wp_attachment_metadata</wp:meta_key>
			<wp:meta_value><![CDATA[a:6:{s:5:"width";i:1600;s:6:"height";i:899;s:4:"file";s:123:"/home/wpcom/public_html/wp-content/blogs.dir/68c/191766490/files/2021/04/blue-fashion-footwear-1182701-e1564438117938-1.jpg";s:5:"sizes";a:0:{}s:10:"image_meta";a:12:{s:8:"aperture";s:1:"0";s:6:"credit";s:0:"";s:6:"camera";s:0:"";s:7:"caption";s:0:"";s:17:"created_timestamp";s:1:"0";s:9:"copyright";s:0:"";s:12:"focal_length";s:1:"0";s:3:"iso";s:1:"0";s:13:"shutter_speed";s:1:"0";s:5:"title";s:0:"";s:11:"orientation";s:1:"0";s:8:"keywords";a:0:{}}s:8:"filesize";i:141690;}]]></wp:meta_value>
		</wp:postmeta>
	</item>
	<item>
		<title>Placeholder Image</title>
		<link>https://priyankakasturia.wordpress.com/placeholder-image-4/</link>
		<pubDate>Sat, 10 Apr 2021 12:03:30 +0000</pubDate>
		<dc:creator>sciencecept123</dc:creator>
		<guid isPermaLink="false">http://priyankakasturia.files.wordpress.com/2021/04/barefoot-beautiful-beauty-1588037-1.jpg</guid>
		<description></description>
		<content:encoded><![CDATA[]]></content:encoded>
		<excerpt:encoded><![CDATA[]]></excerpt:encoded>
		<wp:post_id>13</wp:post_id>
		<wp:post_date>2021-04-10 17:33:30</wp:post_date>
		<wp:post_date_gmt>2021-04-10 12:03:30</wp:post_date_gmt>
		<wp:comment_status>open</wp:comment_status>
		<wp:ping_status>closed</wp:ping_status>
		<wp:post_name>placeholder-image-4</wp:post_name>
		<wp:status>inherit</wp:status>
		<wp:post_parent>0</wp:post_parent>
		<wp:menu_order>0</wp:menu_order>
		<wp:post_type>attachment</wp:post_type>
		<wp:post_password></wp:post_password>
		<wp:is_sticky>0</wp:is_sticky>
		<wp:attachment_url>https://priyankakasturia.files.wordpress.com/2021/04/barefoot-beautiful-beauty-1588037-1.jpg</wp:attachment_url>
		<wp:postmeta>
			<wp:meta_key>_wp_attached_file</wp:meta_key>
			<wp:meta_value><![CDATA[/home/wpcom/public_html/wp-content/blogs.dir/68c/191766490/files/2021/04/barefoot-beautiful-beauty-1588037-1.jpg]]></wp:meta_value>
		</wp:postmeta>
		<wp:postmeta>
			<wp:meta_key>_wp_attachment_metadata</wp:meta_key>
			<wp:meta_value><![CDATA[a:6:{s:5:"width";i:1333;s:6:"height";i:2000;s:4:"file";s:112:"/home/wpcom/public_html/wp-content/blogs.dir/68c/191766490/files/2021/04/barefoot-beautiful-beauty-1588037-1.jpg";s:5:"sizes";a:0:{}s:10:"image_meta";a:12:{s:8:"aperture";s:1:"0";s:6:"credit";s:0:"";s:6:"camera";s:0:"";s:7:"caption";s:0:"";s:17:"created_timestamp";s:1:"0";s:9:"copyright";s:0:"";s:12:"focal_length";s:1:"0";s:3:"iso";s:1:"0";s:13:"shutter_speed";s:1:"0";s:5:"title";s:0:"";s:11:"orientation";s:1:"0";s:8:"keywords";a:0:{}}s:8:"filesize";i:97591;}]]></wp:meta_value>
		</wp:postmeta>
	</item>
	<item>
		<title>Placeholder Image</title>
		<link>https://priyankakasturia.wordpress.com/placeholder-image-5/</link>
		<pubDate>Sat, 10 Apr 2021 12:03:30 +0000</pubDate>
		<dc:creator>sciencecept123</dc:creator>
		<guid isPermaLink="false">http://priyankakasturia.files.wordpress.com/2021/04/looking-up-sitting-woman-1588038-1.jpg</guid>
		<description></description>
		<content:encoded><![CDATA[]]></content:encoded>
		<excerpt:encoded><![CDATA[]]></excerpt:encoded>
		<wp:post_id>14</wp:post_id>
		<wp:post_date>2021-04-10 17:33:30</wp:post_date>
		<wp:post_date_gmt>2021-04-10 12:03:30</wp:post_date_gmt>
		<wp:comment_status>open</wp:comment_status>
		<wp:ping_status>closed</wp:ping_status>
		<wp:post_name>placeholder-image-5</wp:post_name>
		<wp:status>inherit</wp:status>
		<wp:post_parent>0</wp:post_parent>
		<wp:menu_order>0</wp:menu_order>
		<wp:post_type>attachment</wp:post_type>
		<wp:post_password></wp:post_password>
		<wp:is_sticky>0</wp:is_sticky>
		<wp:attachment_url>https://priyankakasturia.files.wordpress.com/2021/04/looking-up-sitting-woman-1588038-1.jpg</wp:attachment_url>
		<wp:postmeta>
			<wp:meta_key>_wp_attached_file</wp:meta_key>
			<wp:meta_value><![CDATA[/home/wpcom/public_html/wp-content/blogs.dir/68c/191766490/files/2021/04/looking-up-sitting-woman-1588038-1.jpg]]></wp:meta_value>
		</wp:postmeta>
		<wp:postmeta>
			<wp:meta_key>_wp_attachment_metadata</wp:meta_key>
			<wp:meta_value><![CDATA[a:6:{s:5:"width";i:1600;s:6:"height";i:1066;s:4:"file";s:111:"/home/wpcom/public_html/wp-content/blogs.dir/68c/191766490/files/2021/04/looking-up-sitting-woman-1588038-1.jpg";s:5:"sizes";a:0:{}s:10:"image_meta";a:12:{s:8:"aperture";s:1:"0";s:6:"credit";s:0:"";s:6:"camera";s:0:"";s:7:"caption";s:0:"";s:17:"created_timestamp";s:1:"0";s:9:"copyright";s:0:"";s:12:"focal_length";s:1:"0";s:3:"iso";s:1:"0";s:13:"shutter_speed";s:1:"0";s:5:"title";s:0:"";s:11:"orientation";s:1:"0";s:8:"keywords";a:0:{}}s:8:"filesize";i:67069;}]]></wp:meta_value>
		</wp:postmeta>
	</item>
	<item>
		<title>Placeholder Image</title>
		<link>https://priyankakasturia.wordpress.com/placeholder-image-6/</link>
		<pubDate>Sat, 10 Apr 2021 12:03:31 +0000</pubDate>
		<dc:creator>sciencecept123</dc:creator>
		<guid isPermaLink="false">http://priyankakasturia.files.wordpress.com/2021/04/close-up-curly-hair-cute-1588039-1.jpg</guid>
		<description></description>
		<content:encoded><![CDATA[]]></content:encoded>
		<excerpt:encoded><![CDATA[]]></excerpt:encoded>
		<wp:post_id>15</wp:post_id>
		<wp:post_date>2021-04-10 17:33:31</wp:post_date>
		<wp:post_date_gmt>2021-04-10 12:03:31</wp:post_date_gmt>
		<wp:comment_status>open</wp:comment_status>
		<wp:ping_status>closed</wp:ping_status>
		<wp:post_name>placeholder-image-6</wp:post_name>
		<wp:status>inherit</wp:status>
		<wp:post_parent>0</wp:post_parent>
		<wp:menu_order>0</wp:menu_order>
		<wp:post_type>attachment</wp:post_type>
		<wp:post_password></wp:post_password>
		<wp:is_sticky>0</wp:is_sticky>
		<wp:attachment_url>https://priyankakasturia.files.wordpress.com/2021/04/close-up-curly-hair-cute-1588039-1.jpg</wp:attachment_url>
		<wp:postmeta>
			<wp:meta_key>_wp_attached_file</wp:meta_key>
			<wp:meta_value><![CDATA[/home/wpcom/public_html/wp-content/blogs.dir/68c/191766490/files/2021/04/close-up-curly-hair-cute-1588039-1.jpg]]></wp:meta_value>
		</wp:postmeta>
		<wp:postmeta>
			<wp:meta_key>_wp_attachment_metadata</wp:meta_key>
			<wp:meta_value><![CDATA[a:6:{s:5:"width";i:1600;s:6:"height";i:1066;s:4:"file";s:111:"/home/wpcom/public_html/wp-content/blogs.dir/68c/191766490/files/2021/04/close-up-curly-hair-cute-1588039-1.jpg";s:5:"sizes";a:0:{}s:10:"image_meta";a:12:{s:8:"aperture";s:1:"0";s:6:"credit";s:0:"";s:6:"camera";s:0:"";s:7:"caption";s:0:"";s:17:"created_timestamp";s:1:"0";s:9:"copyright";s:0:"";s:12:"focal_length";s:1:"0";s:3:"iso";s:1:"0";s:13:"shutter_speed";s:1:"0";s:5:"title";s:0:"";s:11:"orientation";s:1:"0";s:8:"keywords";a:0:{}}s:8:"filesize";i:86238;}]]></wp:meta_value>
		</wp:postmeta>
	</item>
	<item>
		<title>Placeholder Image</title>
		<link>https://priyankakasturia.wordpress.com/placeholder-image-7/</link>
		<pubDate>Sat, 10 Apr 2021 12:03:31 +0000</pubDate>
		<dc:creator>sciencecept123</dc:creator>
		<guid isPermaLink="false">http://priyankakasturia.files.wordpress.com/2021/04/beautiful-beauty-cute-1588040-1.jpg</guid>
		<description></description>
		<content:encoded><![CDATA[]]></content:encoded>
		<excerpt:encoded><![CDATA[]]></excerpt:encoded>
		<wp:post_id>16</wp:post_id>
		<wp:post_date>2021-04-10 17:33:31</wp:post_date>
		<wp:post_date_gmt>2021-04-10 12:03:31</wp:post_date_gmt>
		<wp:comment_status>open</wp:comment_status>
		<wp:ping_status>closed</wp:ping_status>
		<wp:post_name>placeholder-image-7</wp:post_name>
		<wp:status>inherit</wp:status>
		<wp:post_parent>0</wp:post_parent>
		<wp:menu_order>0</wp:menu_order>
		<wp:post_type>attachment</wp:post_type>
		<wp:post_password></wp:post_password>
		<wp:is_sticky>0</wp:is_sticky>
		<wp:attachment_url>https://priyankakasturia.files.wordpress.com/2021/04/beautiful-beauty-cute-1588040-1.jpg</wp:attachment_url>
		<wp:postmeta>
			<wp:meta_key>_wp_attached_file</wp:meta_key>
			<wp:meta_value><![CDATA[/home/wpcom/public_html/wp-content/blogs.dir/68c/191766490/files/2021/04/beautiful-beauty-cute-1588040-1.jpg]]></wp:meta_value>
		</wp:postmeta>
		<wp:postmeta>
			<wp:meta_key>_wp_attachment_metadata</wp:meta_key>
			<wp:meta_value><![CDATA[a:6:{s:5:"width";i:1333;s:6:"height";i:2000;s:4:"file";s:108:"/home/wpcom/public_html/wp-content/blogs.dir/68c/191766490/files/2021/04/beautiful-beauty-cute-1588040-1.jpg";s:5:"sizes";a:0:{}s:10:"image_meta";a:12:{s:8:"aperture";s:1:"0";s:6:"credit";s:0:"";s:6:"camera";s:0:"";s:7:"caption";s:0:"";s:17:"created_timestamp";s:1:"0";s:9:"copyright";s:0:"";s:12:"focal_length";s:1:"0";s:3:"iso";s:1:"0";s:13:"shutter_speed";s:1:"0";s:5:"title";s:0:"";s:11:"orientation";s:1:"0";s:8:"keywords";a:0:{}}s:8:"filesize";i:105515;}]]></wp:meta_value>
		</wp:postmeta>
	</item>
	<item>
		<title>About</title>
		<link>https://priyankakasturia.wordpress.com/about/</link>
		<pubDate>Sun, 11 Apr 2021 06:58:24 +0000</pubDate>
		<dc:creator>sciencecept123</dc:creator>
		<guid isPermaLink="false">https://priyankakasturia.wordpress.com/?page_id=26</guid>
		<description></description>
		<content:encoded><![CDATA[<!-- wp:group {"align":"full","textColor":"primary"} -->
<div class="wp-block-group alignfull has-primary-color has-text-color"><!-- wp:columns -->
<div class="wp-block-columns"><!-- wp:column {"width":"100%"} -->
<div class="wp-block-column" style="flex-basis:100%;"><!-- wp:jetpack/layout-grid {"align":"","verticalAlignment":"top","column1DesktopSpan":12,"column1TabletSpan":8,"column1MobileSpan":4,"column2DesktopSpan":6,"column2TabletSpan":5,"column2MobileSpan":4,"column3DesktopOffset":3,"column3TabletOffset":1,"className":"column1-desktop-grid__span-12 column1-desktop-grid__row-1 column1-tablet-grid__span-8 column1-tablet-grid__row-1 column1-mobile-grid__span-4 column1-mobile-grid__row-1"} -->
<div class="wp-block-jetpack-layout-grid column1-desktop-grid__span-12 column1-desktop-grid__row-1 column1-tablet-grid__span-8 column1-tablet-grid__row-1 column1-mobile-grid__span-4 column1-mobile-grid__row-1"><!-- wp:jetpack/layout-grid-column {"backgroundColor":"background","verticalAlignment":"top"} -->
<div class="wp-block-jetpack-layout-grid-column wp-block-jetpack-layout-grid__padding-none has-background has-background-background-color is-vertically-aligned-top"><!-- wp:paragraph {"align":"justify"} -->
<p class="has-text-align-justify"><strong>Priyanka is a person with enthusiasm for science. She is a passionate physics student having keen interests in mechanics, astrophysics, and cosmology, moving forward with an aim to reach more people to share my knowledge through writing, teaching, and speaking.</strong></p>
<!-- /wp:paragraph -->

<!-- wp:jetpack/tiled-gallery {"align":"wide","columnWidths":[["37.08452","22.70621","40.20927"],["60.20004","39.79996"],["30.36759","29.67062","17.14816","22.81363"],["36.07072","63.92928"]],"ids":[47,40,44,51,60,54,49,57,53,56,52,58]} -->
<div class="wp-block-jetpack-tiled-gallery alignwide is-style-rectangular"><div class="tiled-gallery__gallery"><div class="tiled-gallery__row"><div class="tiled-gallery__col" style="flex-basis:37.08452%;"><figure class="tiled-gallery__item"><img alt="" data-height="781" data-id="47" data-link="https://priyankakasturia.wordpress.com/whatsapp-image-2020-02-14-at-15-08-34/" data-url="https://priyankakasturia.files.wordpress.com/2021/04/whatsapp-image-2020-02-14-at-15.08.34.jpeg" data-width="960" src="https://priyankakasturia.files.wordpress.com/2021/04/whatsapp-image-2020-02-14-at-15.08.34.jpeg" data-amp-layout="responsive" /></figure></div><div class="tiled-gallery__col" style="flex-basis:22.70621%;"><figure class="tiled-gallery__item"><img alt="" data-height="1040" data-id="40" data-link="https://priyankakasturia.wordpress.com/img-20190330-wa0104/" data-url="https://priyankakasturia.files.wordpress.com/2021/04/img-20190330-wa0104.jpg" data-width="780" src="https://priyankakasturia.files.wordpress.com/2021/04/img-20190330-wa0104.jpg" data-amp-layout="responsive" /></figure></div><div class="tiled-gallery__col" style="flex-basis:40.20927%;"><figure class="tiled-gallery__item"><img alt="" data-height="960" data-id="44" data-link="https://priyankakasturia.wordpress.com/img-20190326-wa0013/" data-url="https://priyankakasturia.files.wordpress.com/2021/04/img-20190326-wa0013.jpg" data-width="1280" src="https://priyankakasturia.files.wordpress.com/2021/04/img-20190326-wa0013.jpg" data-amp-layout="responsive" /></figure></div></div><div class="tiled-gallery__row"><div class="tiled-gallery__col" style="flex-basis:60.20004%;"><figure class="tiled-gallery__item"><img alt="" data-height="1280" data-id="51" data-link="https://priyankakasturia.wordpress.com/whatsapp-image-2021-04-11-at-14-00-44-1/" data-url="https://priyankakasturia.files.wordpress.com/2021/04/whatsapp-image-2021-04-11-at-14.00.44-1.jpeg" data-width="1280" src="https://priyankakasturia.files.wordpress.com/2021/04/whatsapp-image-2021-04-11-at-14.00.44-1.jpeg" data-amp-layout="responsive" /></figure></div><div class="tiled-gallery__col" style="flex-basis:39.79996%;"><figure class="tiled-gallery__item"><img alt="" data-height="780" data-id="60" data-link="https://priyankakasturia.wordpress.com/b612_20180926_211008_790/" data-url="https://priyankakasturia.files.wordpress.com/2021/04/b612_20180926_211008_790.jpg" data-width="1040" src="https://priyankakasturia.files.wordpress.com/2021/04/b612_20180926_211008_790.jpg" data-amp-layout="responsive" /></figure><figure class="tiled-gallery__item"><img alt="" data-height="864" data-id="54" data-link="https://priyankakasturia.wordpress.com/whatsapp-image-2021-04-11-at-14-04-50/" data-url="https://priyankakasturia.files.wordpress.com/2021/04/whatsapp-image-2021-04-11-at-14.04.50.jpeg" data-width="1152" src="https://priyankakasturia.files.wordpress.com/2021/04/whatsapp-image-2021-04-11-at-14.04.50.jpeg" data-amp-layout="responsive" /></figure></div></div><div class="tiled-gallery__row"><div class="tiled-gallery__col" style="flex-basis:30.36759%;"><figure class="tiled-gallery__item"><img alt="" data-height="1280" data-id="49" data-link="https://priyankakasturia.wordpress.com/whatsapp-image-2020-08-10-at-19-50-24/" data-url="https://priyankakasturia.files.wordpress.com/2021/04/whatsapp-image-2020-08-10-at-19.50.24.jpeg" data-width="1280" src="https://priyankakasturia.files.wordpress.com/2021/04/whatsapp-image-2020-08-10-at-19.50.24.jpeg" data-amp-layout="responsive" /></figure></div><div class="tiled-gallery__col" style="flex-basis:29.67062%;"><figure class="tiled-gallery__item"><img alt="" data-height="737" data-id="57" data-link="https://priyankakasturia.wordpress.com/img-20180916-wa0007/" data-url="https://priyankakasturia.files.wordpress.com/2021/04/img-20180916-wa0007.jpg" data-width="720" src="https://priyankakasturia.files.wordpress.com/2021/04/img-20180916-wa0007.jpg" data-amp-layout="responsive" /></figure></div><div class="tiled-gallery__col" style="flex-basis:17.14816%;"><figure class="tiled-gallery__item"><img alt="" data-height="1152" data-id="53" data-link="https://priyankakasturia.wordpress.com/whatsapp-image-2021-04-11-at-14-02-00/" data-url="https://priyankakasturia.files.wordpress.com/2021/04/whatsapp-image-2021-04-11-at-14.02.00.jpeg" data-width="648" src="https://priyankakasturia.files.wordpress.com/2021/04/whatsapp-image-2021-04-11-at-14.02.00.jpeg" data-amp-layout="responsive" /></figure></div><div class="tiled-gallery__col" style="flex-basis:22.81363%;"><figure class="tiled-gallery__item"><img alt="" data-height="1152" data-id="56" data-link="https://priyankakasturia.wordpress.com/whatsapp-image-2021-04-11-at-14-07-06/" data-url="https://priyankakasturia.files.wordpress.com/2021/04/whatsapp-image-2021-04-11-at-14.07.06.jpeg" data-width="864" src="https://priyankakasturia.files.wordpress.com/2021/04/whatsapp-image-2021-04-11-at-14.07.06.jpeg" data-amp-layout="responsive" /></figure></div></div><div class="tiled-gallery__row"><div class="tiled-gallery__col" style="flex-basis:36.07072%;"><figure class="tiled-gallery__item"><img alt="" data-height="1280" data-id="52" data-link="https://priyankakasturia.wordpress.com/whatsapp-image-2021-04-11-at-14-00-44/" data-url="https://priyankakasturia.files.wordpress.com/2021/04/whatsapp-image-2021-04-11-at-14.00.44.jpeg" data-width="1280" src="https://priyankakasturia.files.wordpress.com/2021/04/whatsapp-image-2021-04-11-at-14.00.44.jpeg" data-amp-layout="responsive" /></figure></div><div class="tiled-gallery__col" style="flex-basis:63.92928%;"><figure class="tiled-gallery__item"><img alt="" data-height="720" data-id="58" data-link="https://priyankakasturia.wordpress.com/img-20180922-wa0010/" data-url="https://priyankakasturia.files.wordpress.com/2021/04/img-20180922-wa0010.jpg" data-width="1280" src="https://priyankakasturia.files.wordpress.com/2021/04/img-20180922-wa0010.jpg" data-amp-layout="responsive" /></figure></div></div></div></div>
<!-- /wp:jetpack/tiled-gallery -->

<!-- wp:paragraph {"align":"justify"} -->
<p class="has-text-align-justify">Being a physics learner, she always wants to dig a bit deeper into the theories and practical applications of the concepts. Her keen research interests include astrophysics, cosmology, general relativity, imaging black holes, knowing the gravitational waves, discovering the ways of how we can achieve planetary life.</p>
<!-- /wp:paragraph -->

<!-- wp:paragraph {"align":"justify"} -->
<p class="has-text-align-justify">Apart from being a student, she is an active science-content writer. She has one-year experience of writing where she has written <a rel="noreferrer noopener" href="https://curiosityunlocked.in/science-and-technology/" target="_blank">Science &amp; Technology related articles for Curiosity Unlocked</a> for May-June 2020. Also, she has been a blogger at the Edge of Space, SSERD, and now, she is a head coordinator as well where she writes and manages a team of bloggers to write space-science related content. Check out her blogs at the <a href="https://edgeofspace.in/author/priyanka-kasturia/" target="_blank" rel="noreferrer noopener">Edge of Space</a>.   </p>
<!-- /wp:paragraph -->

<!-- wp:paragraph {"align":"justify"} -->
<p class="has-text-align-justify">In 2021, she thought to start a website called <a rel="noreferrer noopener" href="https://scienceceptin.wordpress.com/" target="_blank">"ScienceCept: Science Concept for science enthusiasts"</a> where the people will get some really interesting science-related things such as blogs &amp; articles, research special series, magazines &amp; e-contents.   </p>
<!-- /wp:paragraph -->

<!-- wp:image {"id":100,"sizeSlug":"large","linkDestination":"none"} -->
<figure class="wp-block-image size-large"><img src="https://priyankakasturia.files.wordpress.com/2021/04/welcome-to-sciencecept.png?w=1024" alt="" class="wp-image-100" /><figcaption>Home Page of ScienceCept (Created by Priyanka Kasturia)</figcaption></figure>
<!-- /wp:image -->

<!-- wp:paragraph {"align":"justify"} -->
<p class="has-text-align-justify">Also, there will be a special section called <strong>Science Communication</strong> where people get to know everything about the science communication, and how can someone become a science communicator. Also, it would be great platform to connect with various communicators and learning new things at a single platform.</p>
<!-- /wp:paragraph -->

<!-- wp:paragraph -->
<p>Here is her attached CV, please download to have a look.</p>
<!-- /wp:paragraph -->

<!-- wp:file {"id":104,"href":"https:\/\/priyankakasturia.files.wordpress.com\/2021\/04\/priyanka-kasturia-cv-10-april-2021.pdf"} -->
<div class="wp-block-file"><a href="https://priyankakasturia.files.wordpress.com/2021/04/priyanka-kasturia-cv-10-april-2021.pdf">Priyanka Kasturia CV April 2021</a><a href="https://priyankakasturia.files.wordpress.com/2021/04/priyanka-kasturia-cv-10-april-2021.pdf" class="wp-block-file__button" download>Download</a></div>
<!-- /wp:file -->

<!-- wp:paragraph -->
<p>Contact: </p>
<!-- /wp:paragraph -->

<!-- wp:jetpack/contact-info -->
<div class="wp-block-jetpack-contact-info"><!-- wp:jetpack/email {"email":"pps.priyankakasturia.4@gmail.com"} -->
<div class="wp-block-jetpack-email"><a href="mailto:pps.priyankakasturia.4@gmail.com">pps.priyankakasturia.4@gmail.com</a></div>
<!-- /wp:jetpack/email --></div>
<!-- /wp:jetpack/contact-info -->

<!-- wp:social-links {"iconColor":"white","iconColorValue":"#fff","openInNewTab":true,"className":"is-style-default"} -->
<ul class="wp-block-social-links has-icon-color is-style-default"><!-- wp:social-link {"url":"","service":"wordpress"} /-->

<!-- wp:social-link {"url":"https:\/\/facebook.com","service":"facebook"} /-->

<!-- wp:social-link {"url":"https:\/\/twitter.com","service":"twitter"} /-->

<!-- wp:social-link {"url":"https:\/\/instagram.com","service":"instagram"} /-->

<!-- wp:social-link {"url":"https:\/\/linkedin.com","service":"linkedin"} /-->

<!-- wp:social-link {"service":"youtube"} /--></ul>
<!-- /wp:social-links --></div>
<!-- /wp:jetpack/layout-grid-column --></div>
<!-- /wp:jetpack/layout-grid --></div>
<!-- /wp:column --></div>
<!-- /wp:columns --></div>
<!-- /wp:group -->]]></content:encoded>
		<excerpt:encoded><![CDATA[]]></excerpt:encoded>
		<wp:post_id>26</wp:post_id>
		<wp:post_date>2021-04-11 12:28:24</wp:post_date>
		<wp:post_date_gmt>2021-04-11 06:58:24</wp:post_date_gmt>
		<wp:comment_status>closed</wp:comment_status>
		<wp:ping_status>closed</wp:ping_status>
		<wp:post_name>about</wp:post_name>
		<wp:status>publish</wp:status>
		<wp:post_parent>0</wp:post_parent>
		<wp:menu_order>0</wp:menu_order>
		<wp:post_type>page</wp:post_type>
		<wp:post_password></wp:post_password>
		<wp:is_sticky>0</wp:is_sticky>
		<wp:postmeta>
			<wp:meta_key>_last_editor_used_jetpack</wp:meta_key>
			<wp:meta_value><![CDATA[block-editor]]></wp:meta_value>
		</wp:postmeta>
		<wp:postmeta>
			<wp:meta_key>_coblocks_dimensions</wp:meta_key>
			<wp:meta_value><![CDATA[]]></wp:meta_value>
		</wp:postmeta>
		<wp:postmeta>
			<wp:meta_key>_coblocks_attr</wp:meta_key>
			<wp:meta_value><![CDATA[]]></wp:meta_value>
		</wp:postmeta>
		<wp:postmeta>
			<wp:meta_key>_publicize_pending</wp:meta_key>
			<wp:meta_value><![CDATA[1]]></wp:meta_value>
		</wp:postmeta>
		<wp:postmeta>
			<wp:meta_key>_coblocks_responsive_height</wp:meta_key>
			<wp:meta_value><![CDATA[]]></wp:meta_value>
		</wp:postmeta>
		<wp:postmeta>
			<wp:meta_key>_coblocks_accordion_ie_support</wp:meta_key>
			<wp:meta_value><![CDATA[]]></wp:meta_value>
		</wp:postmeta>
		<wp:postmeta>
			<wp:meta_key>amp_status</wp:meta_key>
			<wp:meta_value><![CDATA[]]></wp:meta_value>
		</wp:postmeta>
		<wp:postmeta>
			<wp:meta_key>spay_email</wp:meta_key>
			<wp:meta_value><![CDATA[]]></wp:meta_value>
		</wp:postmeta>
		<wp:postmeta>
			<wp:meta_key>_starter_page_template</wp:meta_key>
			<wp:meta_value><![CDATA[about-2]]></wp:meta_value>
		</wp:postmeta>
	</item>
	<item>
		<title>photo</title>
		<link>https://priyankakasturia.wordpress.com/photo/</link>
		<pubDate>Sun, 11 Apr 2021 07:02:30 +0000</pubDate>
		<dc:creator>sciencecept123</dc:creator>
		<guid isPermaLink="false">http://priyankakasturia.files.wordpress.com/2021/04/photo.jpeg</guid>
		<description></description>
		<content:encoded><![CDATA[]]></content:encoded>
		<excerpt:encoded><![CDATA[]]></excerpt:encoded>
		<wp:post_id>31</wp:post_id>
		<wp:post_date>2021-04-11 12:32:30</wp:post_date>
		<wp:post_date_gmt>2021-04-11 07:02:30</wp:post_date_gmt>
		<wp:comment_status>open</wp:comment_status>
		<wp:ping_status>closed</wp:ping_status>
		<wp:post_name>photo</wp:post_name>
		<wp:status>inherit</wp:status>
		<wp:post_parent>0</wp:post_parent>
		<wp:menu_order>0</wp:menu_order>
		<wp:post_type>attachment</wp:post_type>
		<wp:post_password></wp:post_password>
		<wp:is_sticky>0</wp:is_sticky>
		<wp:attachment_url>https://priyankakasturia.files.wordpress.com/2021/04/photo.jpeg</wp:attachment_url>
		<wp:postmeta>
			<wp:meta_key>_wp_attached_file</wp:meta_key>
			<wp:meta_value><![CDATA[/home/wpcom/public_html/wp-content/blogs.dir/68c/191766490/files/2021/04/photo.jpeg]]></wp:meta_value>
		</wp:postmeta>
		<wp:postmeta>
			<wp:meta_key>_wp_attachment_metadata</wp:meta_key>
			<wp:meta_value><![CDATA[a:6:{s:5:"width";i:1057;s:6:"height";i:1080;s:4:"file";s:83:"/home/wpcom/public_html/wp-content/blogs.dir/68c/191766490/files/2021/04/photo.jpeg";s:5:"sizes";a:0:{}s:10:"image_meta";a:12:{s:8:"aperture";s:1:"0";s:6:"credit";s:0:"";s:6:"camera";s:0:"";s:7:"caption";s:0:"";s:17:"created_timestamp";s:1:"0";s:9:"copyright";s:0:"";s:12:"focal_length";s:1:"0";s:3:"iso";s:1:"0";s:13:"shutter_speed";s:1:"0";s:5:"title";s:0:"";s:11:"orientation";s:1:"0";s:8:"keywords";a:0:{}}s:8:"filesize";i:77029;}]]></wp:meta_value>
		</wp:postmeta>
	</item>
	<item>
		<title>img-20190330-wa0104</title>
		<link>https://priyankakasturia.wordpress.com/img-20190330-wa0104/</link>
		<pubDate>Sun, 11 Apr 2021 08:04:04 +0000</pubDate>
		<dc:creator>sciencecept123</dc:creator>
		<guid isPermaLink="false">http://priyankakasturia.files.wordpress.com/2021/04/img-20190330-wa0104.jpg</guid>
		<description></description>
		<content:encoded><![CDATA[]]></content:encoded>
		<excerpt:encoded><![CDATA[]]></excerpt:encoded>
		<wp:post_id>40</wp:post_id>
		<wp:post_date>2021-04-11 13:34:04</wp:post_date>
		<wp:post_date_gmt>2021-04-11 08:04:04</wp:post_date_gmt>
		<wp:comment_status>open</wp:comment_status>
		<wp:ping_status>closed</wp:ping_status>
		<wp:post_name>img-20190330-wa0104</wp:post_name>
		<wp:status>inherit</wp:status>
		<wp:post_parent>0</wp:post_parent>
		<wp:menu_order>0</wp:menu_order>
		<wp:post_type>attachment</wp:post_type>
		<wp:post_password></wp:post_password>
		<wp:is_sticky>0</wp:is_sticky>
		<wp:attachment_url>https://priyankakasturia.files.wordpress.com/2021/04/img-20190330-wa0104.jpg</wp:attachment_url>
		<wp:postmeta>
			<wp:meta_key>_wp_attached_file</wp:meta_key>
			<wp:meta_value><![CDATA[/home/wpcom/public_html/wp-content/blogs.dir/68c/191766490/files/2021/04/img-20190330-wa0104.jpg]]></wp:meta_value>
		</wp:postmeta>
		<wp:postmeta>
			<wp:meta_key>_wp_attachment_metadata</wp:meta_key>
			<wp:meta_value><![CDATA[a:6:{s:5:"width";i:780;s:6:"height";i:1040;s:4:"file";s:96:"/home/wpcom/public_html/wp-content/blogs.dir/68c/191766490/files/2021/04/img-20190330-wa0104.jpg";s:5:"sizes";a:0:{}s:10:"image_meta";a:12:{s:8:"aperture";s:1:"0";s:6:"credit";s:0:"";s:6:"camera";s:0:"";s:7:"caption";s:0:"";s:17:"created_timestamp";s:1:"0";s:9:"copyright";s:0:"";s:12:"focal_length";s:1:"0";s:3:"iso";s:1:"0";s:13:"shutter_speed";s:1:"0";s:5:"title";s:0:"";s:11:"orientation";s:1:"0";s:8:"keywords";a:0:{}}s:8:"filesize";i:107748;}]]></wp:meta_value>
		</wp:postmeta>
	</item>
	<item>
		<title>img-20181111-wa0074</title>
		<link>https://priyankakasturia.wordpress.com/img-20181111-wa0074/</link>
		<pubDate>Sun, 11 Apr 2021 08:05:48 +0000</pubDate>
		<dc:creator>sciencecept123</dc:creator>
		<guid isPermaLink="false">http://priyankakasturia.files.wordpress.com/2021/04/img-20181111-wa0074.jpg</guid>
		<description></description>
		<content:encoded><![CDATA[]]></content:encoded>
		<excerpt:encoded><![CDATA[]]></excerpt:encoded>
		<wp:post_id>42</wp:post_id>
		<wp:post_date>2021-04-11 13:35:48</wp:post_date>
		<wp:post_date_gmt>2021-04-11 08:05:48</wp:post_date_gmt>
		<wp:comment_status>open</wp:comment_status>
		<wp:ping_status>closed</wp:ping_status>
		<wp:post_name>img-20181111-wa0074</wp:post_name>
		<wp:status>inherit</wp:status>
		<wp:post_parent>0</wp:post_parent>
		<wp:menu_order>0</wp:menu_order>
		<wp:post_type>attachment</wp:post_type>
		<wp:post_password></wp:post_password>
		<wp:is_sticky>0</wp:is_sticky>
		<wp:attachment_url>https://priyankakasturia.files.wordpress.com/2021/04/img-20181111-wa0074.jpg</wp:attachment_url>
		<wp:postmeta>
			<wp:meta_key>_wp_attached_file</wp:meta_key>
			<wp:meta_value><![CDATA[/home/wpcom/public_html/wp-content/blogs.dir/68c/191766490/files/2021/04/img-20181111-wa0074.jpg]]></wp:meta_value>
		</wp:postmeta>
		<wp:postmeta>
			<wp:meta_key>_wp_attachment_metadata</wp:meta_key>
			<wp:meta_value><![CDATA[a:6:{s:5:"width";i:1152;s:6:"height";i:864;s:4:"file";s:96:"/home/wpcom/public_html/wp-content/blogs.dir/68c/191766490/files/2021/04/img-20181111-wa0074.jpg";s:5:"sizes";a:0:{}s:10:"image_meta";a:12:{s:8:"aperture";s:1:"0";s:6:"credit";s:0:"";s:6:"camera";s:0:"";s:7:"caption";s:0:"";s:17:"created_timestamp";s:1:"0";s:9:"copyright";s:0:"";s:12:"focal_length";s:1:"0";s:3:"iso";s:1:"0";s:13:"shutter_speed";s:1:"0";s:5:"title";s:0:"";s:11:"orientation";s:1:"0";s:8:"keywords";a:0:{}}s:8:"filesize";i:101783;}]]></wp:meta_value>
		</wp:postmeta>
	</item>
	<item>
		<title>img-20190326-wa0013</title>
		<link>https://priyankakasturia.wordpress.com/img-20190326-wa0013/</link>
		<pubDate>Sun, 11 Apr 2021 08:09:02 +0000</pubDate>
		<dc:creator>sciencecept123</dc:creator>
		<guid isPermaLink="false">http://priyankakasturia.files.wordpress.com/2021/04/img-20190326-wa0013.jpg</guid>
		<description></description>
		<content:encoded><![CDATA[]]></content:encoded>
		<excerpt:encoded><![CDATA[]]></excerpt:encoded>
		<wp:post_id>44</wp:post_id>
		<wp:post_date>2021-04-11 13:39:02</wp:post_date>
		<wp:post_date_gmt>2021-04-11 08:09:02</wp:post_date_gmt>
		<wp:comment_status>open</wp:comment_status>
		<wp:ping_status>closed</wp:ping_status>
		<wp:post_name>img-20190326-wa0013</wp:post_name>
		<wp:status>inherit</wp:status>
		<wp:post_parent>0</wp:post_parent>
		<wp:menu_order>0</wp:menu_order>
		<wp:post_type>attachment</wp:post_type>
		<wp:post_password></wp:post_password>
		<wp:is_sticky>0</wp:is_sticky>
		<wp:attachment_url>https://priyankakasturia.files.wordpress.com/2021/04/img-20190326-wa0013.jpg</wp:attachment_url>
		<wp:postmeta>
			<wp:meta_key>_wp_attached_file</wp:meta_key>
			<wp:meta_value><![CDATA[/home/wpcom/public_html/wp-content/blogs.dir/68c/191766490/files/2021/04/img-20190326-wa0013.jpg]]></wp:meta_value>
		</wp:postmeta>
		<wp:postmeta>
			<wp:meta_key>_wp_attachment_metadata</wp:meta_key>
			<wp:meta_value><![CDATA[a:6:{s:5:"width";i:1280;s:6:"height";i:960;s:4:"file";s:96:"/home/wpcom/public_html/wp-content/blogs.dir/68c/191766490/files/2021/04/img-20190326-wa0013.jpg";s:5:"sizes";a:0:{}s:10:"image_meta";a:12:{s:8:"aperture";s:1:"0";s:6:"credit";s:0:"";s:6:"camera";s:0:"";s:7:"caption";s:0:"";s:17:"created_timestamp";s:1:"0";s:9:"copyright";s:0:"";s:12:"focal_length";s:1:"0";s:3:"iso";s:1:"0";s:13:"shutter_speed";s:1:"0";s:5:"title";s:0:"";s:11:"orientation";s:1:"0";s:8:"keywords";a:0:{}}s:8:"filesize";i:312668;}]]></wp:meta_value>
		</wp:postmeta>
	</item>
	<item>
		<title>whatsapp-image-2020-02-14-at-15.08.34</title>
		<link>https://priyankakasturia.wordpress.com/whatsapp-image-2020-02-14-at-15-08-34/</link>
		<pubDate>Sun, 11 Apr 2021 08:11:00 +0000</pubDate>
		<dc:creator>sciencecept123</dc:creator>
		<guid isPermaLink="false">http://priyankakasturia.files.wordpress.com/2021/04/whatsapp-image-2020-02-14-at-15.08.34.jpeg</guid>
		<description></description>
		<content:encoded><![CDATA[]]></content:encoded>
		<excerpt:encoded><![CDATA[]]></excerpt:encoded>
		<wp:post_id>47</wp:post_id>
		<wp:post_date>2021-04-11 13:41:00</wp:post_date>
		<wp:post_date_gmt>2021-04-11 08:11:00</wp:post_date_gmt>
		<wp:comment_status>open</wp:comment_status>
		<wp:ping_status>closed</wp:ping_status>
		<wp:post_name>whatsapp-image-2020-02-14-at-15-08-34</wp:post_name>
		<wp:status>inherit</wp:status>
		<wp:post_parent>0</wp:post_parent>
		<wp:menu_order>0</wp:menu_order>
		<wp:post_type>attachment</wp:post_type>
		<wp:post_password></wp:post_password>
		<wp:is_sticky>0</wp:is_sticky>
		<wp:attachment_url>https://priyankakasturia.files.wordpress.com/2021/04/whatsapp-image-2020-02-14-at-15.08.34.jpeg</wp:attachment_url>
		<wp:postmeta>
			<wp:meta_key>_wp_attached_file</wp:meta_key>
			<wp:meta_value><![CDATA[/home/wpcom/public_html/wp-content/blogs.dir/68c/191766490/files/2021/04/whatsapp-image-2020-02-14-at-15.08.34.jpeg]]></wp:meta_value>
		</wp:postmeta>
		<wp:postmeta>
			<wp:meta_key>_wp_attachment_metadata</wp:meta_key>
			<wp:meta_value><![CDATA[a:6:{s:5:"width";i:960;s:6:"height";i:781;s:4:"file";s:115:"/home/wpcom/public_html/wp-content/blogs.dir/68c/191766490/files/2021/04/whatsapp-image-2020-02-14-at-15.08.34.jpeg";s:5:"sizes";a:0:{}s:10:"image_meta";a:12:{s:8:"aperture";s:1:"0";s:6:"credit";s:0:"";s:6:"camera";s:0:"";s:7:"caption";s:0:"";s:17:"created_timestamp";s:1:"0";s:9:"copyright";s:0:"";s:12:"focal_length";s:1:"0";s:3:"iso";s:1:"0";s:13:"shutter_speed";s:1:"0";s:5:"title";s:0:"";s:11:"orientation";s:1:"0";s:8:"keywords";a:0:{}}s:8:"filesize";i:53934;}]]></wp:meta_value>
		</wp:postmeta>
	</item>
	<item>
		<title>whatsapp-image-2020-08-10-at-19.50.24</title>
		<link>https://priyankakasturia.wordpress.com/whatsapp-image-2020-08-10-at-19-50-24/</link>
		<pubDate>Sun, 11 Apr 2021 08:13:38 +0000</pubDate>
		<dc:creator>sciencecept123</dc:creator>
		<guid isPermaLink="false">http://priyankakasturia.files.wordpress.com/2021/04/whatsapp-image-2020-08-10-at-19.50.24.jpeg</guid>
		<description></description>
		<content:encoded><![CDATA[]]></content:encoded>
		<excerpt:encoded><![CDATA[]]></excerpt:encoded>
		<wp:post_id>49</wp:post_id>
		<wp:post_date>2021-04-11 13:43:38</wp:post_date>
		<wp:post_date_gmt>2021-04-11 08:13:38</wp:post_date_gmt>
		<wp:comment_status>open</wp:comment_status>
		<wp:ping_status>closed</wp:ping_status>
		<wp:post_name>whatsapp-image-2020-08-10-at-19-50-24</wp:post_name>
		<wp:status>inherit</wp:status>
		<wp:post_parent>0</wp:post_parent>
		<wp:menu_order>0</wp:menu_order>
		<wp:post_type>attachment</wp:post_type>
		<wp:post_password></wp:post_password>
		<wp:is_sticky>0</wp:is_sticky>
		<wp:attachment_url>https://priyankakasturia.files.wordpress.com/2021/04/whatsapp-image-2020-08-10-at-19.50.24.jpeg</wp:attachment_url>
		<wp:postmeta>
			<wp:meta_key>_wp_attached_file</wp:meta_key>
			<wp:meta_value><![CDATA[/home/wpcom/public_html/wp-content/blogs.dir/68c/191766490/files/2021/04/whatsapp-image-2020-08-10-at-19.50.24.jpeg]]></wp:meta_value>
		</wp:postmeta>
		<wp:postmeta>
			<wp:meta_key>_wp_attachment_metadata</wp:meta_key>
			<wp:meta_value><![CDATA[a:6:{s:5:"width";i:1280;s:6:"height";i:1280;s:4:"file";s:115:"/home/wpcom/public_html/wp-content/blogs.dir/68c/191766490/files/2021/04/whatsapp-image-2020-08-10-at-19.50.24.jpeg";s:5:"sizes";a:0:{}s:10:"image_meta";a:12:{s:8:"aperture";s:1:"0";s:6:"credit";s:0:"";s:6:"camera";s:0:"";s:7:"caption";s:0:"";s:17:"created_timestamp";s:1:"0";s:9:"copyright";s:0:"";s:12:"focal_length";s:1:"0";s:3:"iso";s:1:"0";s:13:"shutter_speed";s:1:"0";s:5:"title";s:0:"";s:11:"orientation";s:1:"0";s:8:"keywords";a:0:{}}s:8:"filesize";i:99415;}]]></wp:meta_value>
		</wp:postmeta>
	</item>
	<item>
		<title>whatsapp-image-2021-04-11-at-14.00.44-1</title>
		<link>https://priyankakasturia.wordpress.com/whatsapp-image-2021-04-11-at-14-00-44-1/</link>
		<pubDate>Sun, 11 Apr 2021 08:40:22 +0000</pubDate>
		<dc:creator>sciencecept123</dc:creator>
		<guid isPermaLink="false">http://priyankakasturia.files.wordpress.com/2021/04/whatsapp-image-2021-04-11-at-14.00.44-1.jpeg</guid>
		<description></description>
		<content:encoded><![CDATA[]]></content:encoded>
		<excerpt:encoded><![CDATA[]]></excerpt:encoded>
		<wp:post_id>51</wp:post_id>
		<wp:post_date>2021-04-11 14:10:22</wp:post_date>
		<wp:post_date_gmt>2021-04-11 08:40:22</wp:post_date_gmt>
		<wp:comment_status>open</wp:comment_status>
		<wp:ping_status>closed</wp:ping_status>
		<wp:post_name>whatsapp-image-2021-04-11-at-14-00-44-1</wp:post_name>
		<wp:status>inherit</wp:status>
		<wp:post_parent>0</wp:post_parent>
		<wp:menu_order>0</wp:menu_order>
		<wp:post_type>attachment</wp:post_type>
		<wp:post_password></wp:post_password>
		<wp:is_sticky>0</wp:is_sticky>
		<wp:attachment_url>https://priyankakasturia.files.wordpress.com/2021/04/whatsapp-image-2021-04-11-at-14.00.44-1.jpeg</wp:attachment_url>
		<wp:postmeta>
			<wp:meta_key>_wp_attached_file</wp:meta_key>
			<wp:meta_value><![CDATA[/home/wpcom/public_html/wp-content/blogs.dir/68c/191766490/files/2021/04/whatsapp-image-2021-04-11-at-14.00.44-1.jpeg]]></wp:meta_value>
		</wp:postmeta>
		<wp:postmeta>
			<wp:meta_key>_wp_attachment_metadata</wp:meta_key>
			<wp:meta_value><![CDATA[a:6:{s:5:"width";i:1280;s:6:"height";i:1280;s:4:"file";s:117:"/home/wpcom/public_html/wp-content/blogs.dir/68c/191766490/files/2021/04/whatsapp-image-2021-04-11-at-14.00.44-1.jpeg";s:5:"sizes";a:0:{}s:10:"image_meta";a:12:{s:8:"aperture";s:1:"0";s:6:"credit";s:0:"";s:6:"camera";s:0:"";s:7:"caption";s:0:"";s:17:"created_timestamp";s:1:"0";s:9:"copyright";s:0:"";s:12:"focal_length";s:1:"0";s:3:"iso";s:1:"0";s:13:"shutter_speed";s:1:"0";s:5:"title";s:0:"";s:11:"orientation";s:1:"0";s:8:"keywords";a:0:{}}s:8:"filesize";i:156410;}]]></wp:meta_value>
		</wp:postmeta>
	</item>
	<item>
		<title>Home</title>
		<link>https://priyankakasturia.wordpress.com/2021/04/11/home/</link>
		<pubDate>Sat, 10 Apr 2021 12:03:29 +0000</pubDate>
		<dc:creator>sciencecept123</dc:creator>
		<guid isPermaLink="false">https://priyankakasturia.wordpress.com/2021/04/10/home/</guid>
		<description></description>
		<content:encoded><![CDATA[]]></content:encoded>
		<excerpt:encoded><![CDATA[]]></excerpt:encoded>
		<wp:post_id>5</wp:post_id>
		<wp:post_date>2021-04-11 17:54:45</wp:post_date>
		<wp:post_date_gmt>2021-04-10 12:03:29</wp:post_date_gmt>
		<wp:comment_status>closed</wp:comment_status>
		<wp:ping_status>closed</wp:ping_status>
		<wp:post_name>home</wp:post_name>
		<wp:status>publish</wp:status>
		<wp:post_parent>0</wp:post_parent>
		<wp:menu_order>1</wp:menu_order>
		<wp:post_type>nav_menu_item</wp:post_type>
		<wp:post_password></wp:post_password>
		<wp:is_sticky>0</wp:is_sticky>
		<category domain="nav_menu" nicename="main"><![CDATA[Main]]></category>
		<wp:postmeta>
			<wp:meta_key>_publicize_pending</wp:meta_key>
			<wp:meta_value><![CDATA[1]]></wp:meta_value>
		</wp:postmeta>
		<wp:postmeta>
			<wp:meta_key>_menu_item_type</wp:meta_key>
			<wp:meta_value><![CDATA[custom]]></wp:meta_value>
		</wp:postmeta>
		<wp:postmeta>
			<wp:meta_key>_menu_item_menu_item_parent</wp:meta_key>
			<wp:meta_value><![CDATA[0]]></wp:meta_value>
		</wp:postmeta>
		<wp:postmeta>
			<wp:meta_key>_menu_item_object_id</wp:meta_key>
			<wp:meta_value><![CDATA[5]]></wp:meta_value>
		</wp:postmeta>
		<wp:postmeta>
			<wp:meta_key>_menu_item_object</wp:meta_key>
			<wp:meta_value><![CDATA[custom]]></wp:meta_value>
		</wp:postmeta>
		<wp:postmeta>
			<wp:meta_key>_menu_item_target</wp:meta_key>
			<wp:meta_value><![CDATA[]]></wp:meta_value>
		</wp:postmeta>
		<wp:postmeta>
			<wp:meta_key>_menu_item_classes</wp:meta_key>
			<wp:meta_value><![CDATA[a:1:{i:0;s:0:"";}]]></wp:meta_value>
		</wp:postmeta>
		<wp:postmeta>
			<wp:meta_key>_menu_item_xfn</wp:meta_key>
			<wp:meta_value><![CDATA[]]></wp:meta_value>
		</wp:postmeta>
		<wp:postmeta>
			<wp:meta_key>_menu_item_url</wp:meta_key>
			<wp:meta_value><![CDATA[/]]></wp:meta_value>
		</wp:postmeta>
		<wp:postmeta>
			<wp:meta_key>_menu_item_content</wp:meta_key>
			<wp:meta_value><![CDATA[]]></wp:meta_value>
		</wp:postmeta>
		<wp:postmeta>
			<wp:meta_key>_wp_old_date</wp:meta_key>
			<wp:meta_value><![CDATA[2021-04-10]]></wp:meta_value>
		</wp:postmeta>
	</item>
	<item>
		<title>Home</title>
		<link>https://priyankakasturia.wordpress.com/</link>
		<pubDate>Sun, 11 Apr 2021 12:12:03 +0000</pubDate>
		<dc:creator>sciencecept123</dc:creator>
		<guid isPermaLink="false">https://priyankakasturia.wordpress.com/?page_id=37</guid>
		<description></description>
		<content:encoded><![CDATA[<!-- wp:spacer {"height":31} -->
<div style="height:31px;" aria-hidden="true" class="wp-block-spacer"></div>
<!-- /wp:spacer -->

<!-- wp:a8c/blog-posts {"className":"is-style-borders","showReadMore":true,"showCaption":true,"moreButton":true,"moreButtonText":"Load more posts","showAvatar":false,"showCategory":true,"postLayout":"grid","postsToShow":4,"sectionHeader":"Read My Blogs here.....","postType":["post"]} /-->

<!-- wp:separator {"color":"primary","className":"is-style-default"} -->
<hr class="wp-block-separator has-text-color has-background has-primary-background-color has-primary-color is-style-default" />
<!-- /wp:separator -->

<!-- wp:paragraph {"align":"center","placeholder":"Write title\u2026","fontSize":"large"} -->
<p class="has-text-align-center has-large-font-size"><strong><em>"Only having knowledge does not make you the most intelligent, how you deliver that knowledge is the measure of its depth."</em></strong></p>
<!-- /wp:paragraph -->

<!-- wp:separator {"color":"primary","className":"is-style-default"} -->
<hr class="wp-block-separator has-text-color has-background has-primary-background-color has-primary-color is-style-default" />
<!-- /wp:separator -->]]></content:encoded>
		<excerpt:encoded><![CDATA[]]></excerpt:encoded>
		<wp:post_id>37</wp:post_id>
		<wp:post_date>2021-04-11 17:42:03</wp:post_date>
		<wp:post_date_gmt>2021-04-11 12:12:03</wp:post_date_gmt>
		<wp:comment_status>closed</wp:comment_status>
		<wp:ping_status>closed</wp:ping_status>
		<wp:post_name>37-2</wp:post_name>
		<wp:status>publish</wp:status>
		<wp:post_parent>0</wp:post_parent>
		<wp:menu_order>0</wp:menu_order>
		<wp:post_type>page</wp:post_type>
		<wp:post_password></wp:post_password>
		<wp:is_sticky>0</wp:is_sticky>
		<wp:postmeta>
			<wp:meta_key>_tft_homepage_template</wp:meta_key>
			<wp:meta_value><![CDATA[pub/twentytwenty]]></wp:meta_value>
		</wp:postmeta>
		<wp:postmeta>
			<wp:meta_key>_publicize_pending</wp:meta_key>
			<wp:meta_value><![CDATA[1]]></wp:meta_value>
		</wp:postmeta>
		<wp:postmeta>
			<wp:meta_key>_last_editor_used_jetpack</wp:meta_key>
			<wp:meta_value><![CDATA[block-editor]]></wp:meta_value>
		</wp:postmeta>
		<wp:postmeta>
			<wp:meta_key>_thumbnail_id</wp:meta_key>
			<wp:meta_value><![CDATA[110]]></wp:meta_value>
		</wp:postmeta>
	</item>
	<item>
		<title>whatsapp-image-2021-04-11-at-14.00.44</title>
		<link>https://priyankakasturia.wordpress.com/whatsapp-image-2021-04-11-at-14-00-44/</link>
		<pubDate>Sun, 11 Apr 2021 08:40:26 +0000</pubDate>
		<dc:creator>sciencecept123</dc:creator>
		<guid isPermaLink="false">http://priyankakasturia.files.wordpress.com/2021/04/whatsapp-image-2021-04-11-at-14.00.44.jpeg</guid>
		<description></description>
		<content:encoded><![CDATA[]]></content:encoded>
		<excerpt:encoded><![CDATA[]]></excerpt:encoded>
		<wp:post_id>52</wp:post_id>
		<wp:post_date>2021-04-11 14:10:26</wp:post_date>
		<wp:post_date_gmt>2021-04-11 08:40:26</wp:post_date_gmt>
		<wp:comment_status>open</wp:comment_status>
		<wp:ping_status>closed</wp:ping_status>
		<wp:post_name>whatsapp-image-2021-04-11-at-14-00-44</wp:post_name>
		<wp:status>inherit</wp:status>
		<wp:post_parent>0</wp:post_parent>
		<wp:menu_order>0</wp:menu_order>
		<wp:post_type>attachment</wp:post_type>
		<wp:post_password></wp:post_password>
		<wp:is_sticky>0</wp:is_sticky>
		<wp:attachment_url>https://priyankakasturia.files.wordpress.com/2021/04/whatsapp-image-2021-04-11-at-14.00.44.jpeg</wp:attachment_url>
		<wp:postmeta>
			<wp:meta_key>_wp_attached_file</wp:meta_key>
			<wp:meta_value><![CDATA[/home/wpcom/public_html/wp-content/blogs.dir/68c/191766490/files/2021/04/whatsapp-image-2021-04-11-at-14.00.44.jpeg]]></wp:meta_value>
		</wp:postmeta>
		<wp:postmeta>
			<wp:meta_key>_wp_attachment_metadata</wp:meta_key>
			<wp:meta_value><![CDATA[a:6:{s:5:"width";i:1280;s:6:"height";i:1280;s:4:"file";s:115:"/home/wpcom/public_html/wp-content/blogs.dir/68c/191766490/files/2021/04/whatsapp-image-2021-04-11-at-14.00.44.jpeg";s:5:"sizes";a:0:{}s:10:"image_meta";a:12:{s:8:"aperture";s:1:"0";s:6:"credit";s:0:"";s:6:"camera";s:0:"";s:7:"caption";s:0:"";s:17:"created_timestamp";s:1:"0";s:9:"copyright";s:0:"";s:12:"focal_length";s:1:"0";s:3:"iso";s:1:"0";s:13:"shutter_speed";s:1:"0";s:5:"title";s:0:"";s:11:"orientation";s:1:"0";s:8:"keywords";a:0:{}}s:8:"filesize";i:127137;}]]></wp:meta_value>
		</wp:postmeta>
	</item>
	<item>
		<title>whatsapp-image-2021-04-11-at-14.02.00</title>
		<link>https://priyankakasturia.wordpress.com/whatsapp-image-2021-04-11-at-14-02-00/</link>
		<pubDate>Sun, 11 Apr 2021 08:40:29 +0000</pubDate>
		<dc:creator>sciencecept123</dc:creator>
		<guid isPermaLink="false">http://priyankakasturia.files.wordpress.com/2021/04/whatsapp-image-2021-04-11-at-14.02.00.jpeg</guid>
		<description></description>
		<content:encoded><![CDATA[]]></content:encoded>
		<excerpt:encoded><![CDATA[]]></excerpt:encoded>
		<wp:post_id>53</wp:post_id>
		<wp:post_date>2021-04-11 14:10:29</wp:post_date>
		<wp:post_date_gmt>2021-04-11 08:40:29</wp:post_date_gmt>
		<wp:comment_status>open</wp:comment_status>
		<wp:ping_status>closed</wp:ping_status>
		<wp:post_name>whatsapp-image-2021-04-11-at-14-02-00</wp:post_name>
		<wp:status>inherit</wp:status>
		<wp:post_parent>0</wp:post_parent>
		<wp:menu_order>0</wp:menu_order>
		<wp:post_type>attachment</wp:post_type>
		<wp:post_password></wp:post_password>
		<wp:is_sticky>0</wp:is_sticky>
		<wp:attachment_url>https://priyankakasturia.files.wordpress.com/2021/04/whatsapp-image-2021-04-11-at-14.02.00.jpeg</wp:attachment_url>
		<wp:postmeta>
			<wp:meta_key>_wp_attached_file</wp:meta_key>
			<wp:meta_value><![CDATA[/home/wpcom/public_html/wp-content/blogs.dir/68c/191766490/files/2021/04/whatsapp-image-2021-04-11-at-14.02.00.jpeg]]></wp:meta_value>
		</wp:postmeta>
		<wp:postmeta>
			<wp:meta_key>_wp_attachment_metadata</wp:meta_key>
			<wp:meta_value><![CDATA[a:6:{s:5:"width";i:648;s:6:"height";i:1152;s:4:"file";s:115:"/home/wpcom/public_html/wp-content/blogs.dir/68c/191766490/files/2021/04/whatsapp-image-2021-04-11-at-14.02.00.jpeg";s:5:"sizes";a:0:{}s:10:"image_meta";a:12:{s:8:"aperture";s:1:"0";s:6:"credit";s:0:"";s:6:"camera";s:0:"";s:7:"caption";s:0:"";s:17:"created_timestamp";s:1:"0";s:9:"copyright";s:0:"";s:12:"focal_length";s:1:"0";s:3:"iso";s:1:"0";s:13:"shutter_speed";s:1:"0";s:5:"title";s:0:"";s:11:"orientation";s:1:"0";s:8:"keywords";a:0:{}}s:8:"filesize";i:87931;}]]></wp:meta_value>
		</wp:postmeta>
	</item>
	<item>
		<title>whatsapp-image-2021-04-11-at-14.04.50</title>
		<link>https://priyankakasturia.wordpress.com/whatsapp-image-2021-04-11-at-14-04-50/</link>
		<pubDate>Sun, 11 Apr 2021 08:40:33 +0000</pubDate>
		<dc:creator>sciencecept123</dc:creator>
		<guid isPermaLink="false">http://priyankakasturia.files.wordpress.com/2021/04/whatsapp-image-2021-04-11-at-14.04.50.jpeg</guid>
		<description></description>
		<content:encoded><![CDATA[]]></content:encoded>
		<excerpt:encoded><![CDATA[]]></excerpt:encoded>
		<wp:post_id>54</wp:post_id>
		<wp:post_date>2021-04-11 14:10:33</wp:post_date>
		<wp:post_date_gmt>2021-04-11 08:40:33</wp:post_date_gmt>
		<wp:comment_status>open</wp:comment_status>
		<wp:ping_status>closed</wp:ping_status>
		<wp:post_name>whatsapp-image-2021-04-11-at-14-04-50</wp:post_name>
		<wp:status>inherit</wp:status>
		<wp:post_parent>0</wp:post_parent>
		<wp:menu_order>0</wp:menu_order>
		<wp:post_type>attachment</wp:post_type>
		<wp:post_password></wp:post_password>
		<wp:is_sticky>0</wp:is_sticky>
		<wp:attachment_url>https://priyankakasturia.files.wordpress.com/2021/04/whatsapp-image-2021-04-11-at-14.04.50.jpeg</wp:attachment_url>
		<wp:postmeta>
			<wp:meta_key>_wp_attached_file</wp:meta_key>
			<wp:meta_value><![CDATA[/home/wpcom/public_html/wp-content/blogs.dir/68c/191766490/files/2021/04/whatsapp-image-2021-04-11-at-14.04.50.jpeg]]></wp:meta_value>
		</wp:postmeta>
		<wp:postmeta>
			<wp:meta_key>_wp_attachment_metadata</wp:meta_key>
			<wp:meta_value><![CDATA[a:6:{s:5:"width";i:1152;s:6:"height";i:864;s:4:"file";s:115:"/home/wpcom/public_html/wp-content/blogs.dir/68c/191766490/files/2021/04/whatsapp-image-2021-04-11-at-14.04.50.jpeg";s:5:"sizes";a:0:{}s:10:"image_meta";a:12:{s:8:"aperture";s:1:"0";s:6:"credit";s:0:"";s:6:"camera";s:0:"";s:7:"caption";s:0:"";s:17:"created_timestamp";s:1:"0";s:9:"copyright";s:0:"";s:12:"focal_length";s:1:"0";s:3:"iso";s:1:"0";s:13:"shutter_speed";s:1:"0";s:5:"title";s:0:"";s:11:"orientation";s:1:"0";s:8:"keywords";a:0:{}}s:8:"filesize";i:86180;}]]></wp:meta_value>
		</wp:postmeta>
	</item>
	<item>
		<title>whatsapp-image-2021-04-11-at-14.07.06</title>
		<link>https://priyankakasturia.wordpress.com/whatsapp-image-2021-04-11-at-14-07-06/</link>
		<pubDate>Sun, 11 Apr 2021 08:43:49 +0000</pubDate>
		<dc:creator>sciencecept123</dc:creator>
		<guid isPermaLink="false">http://priyankakasturia.files.wordpress.com/2021/04/whatsapp-image-2021-04-11-at-14.07.06.jpeg</guid>
		<description></description>
		<content:encoded><![CDATA[]]></content:encoded>
		<excerpt:encoded><![CDATA[]]></excerpt:encoded>
		<wp:post_id>56</wp:post_id>
		<wp:post_date>2021-04-11 14:13:49</wp:post_date>
		<wp:post_date_gmt>2021-04-11 08:43:49</wp:post_date_gmt>
		<wp:comment_status>open</wp:comment_status>
		<wp:ping_status>closed</wp:ping_status>
		<wp:post_name>whatsapp-image-2021-04-11-at-14-07-06</wp:post_name>
		<wp:status>inherit</wp:status>
		<wp:post_parent>0</wp:post_parent>
		<wp:menu_order>0</wp:menu_order>
		<wp:post_type>attachment</wp:post_type>
		<wp:post_password></wp:post_password>
		<wp:is_sticky>0</wp:is_sticky>
		<wp:attachment_url>https://priyankakasturia.files.wordpress.com/2021/04/whatsapp-image-2021-04-11-at-14.07.06.jpeg</wp:attachment_url>
		<wp:postmeta>
			<wp:meta_key>_wp_attached_file</wp:meta_key>
			<wp:meta_value><![CDATA[/home/wpcom/public_html/wp-content/blogs.dir/68c/191766490/files/2021/04/whatsapp-image-2021-04-11-at-14.07.06.jpeg]]></wp:meta_value>
		</wp:postmeta>
		<wp:postmeta>
			<wp:meta_key>_wp_attachment_metadata</wp:meta_key>
			<wp:meta_value><![CDATA[a:6:{s:5:"width";i:864;s:6:"height";i:1152;s:4:"file";s:115:"/home/wpcom/public_html/wp-content/blogs.dir/68c/191766490/files/2021/04/whatsapp-image-2021-04-11-at-14.07.06.jpeg";s:5:"sizes";a:0:{}s:10:"image_meta";a:12:{s:8:"aperture";s:1:"0";s:6:"credit";s:0:"";s:6:"camera";s:0:"";s:7:"caption";s:0:"";s:17:"created_timestamp";s:1:"0";s:9:"copyright";s:0:"";s:12:"focal_length";s:1:"0";s:3:"iso";s:1:"0";s:13:"shutter_speed";s:1:"0";s:5:"title";s:0:"";s:11:"orientation";s:1:"0";s:8:"keywords";a:0:{}}s:8:"filesize";i:132967;}]]></wp:meta_value>
		</wp:postmeta>
	</item>
	<item>
		<title>img-20180916-wa0007</title>
		<link>https://priyankakasturia.wordpress.com/img-20180916-wa0007/</link>
		<pubDate>Sun, 11 Apr 2021 08:47:14 +0000</pubDate>
		<dc:creator>sciencecept123</dc:creator>
		<guid isPermaLink="false">http://priyankakasturia.files.wordpress.com/2021/04/img-20180916-wa0007.jpg</guid>
		<description></description>
		<content:encoded><![CDATA[]]></content:encoded>
		<excerpt:encoded><![CDATA[]]></excerpt:encoded>
		<wp:post_id>57</wp:post_id>
		<wp:post_date>2021-04-11 14:17:14</wp:post_date>
		<wp:post_date_gmt>2021-04-11 08:47:14</wp:post_date_gmt>
		<wp:comment_status>open</wp:comment_status>
		<wp:ping_status>closed</wp:ping_status>
		<wp:post_name>img-20180916-wa0007</wp:post_name>
		<wp:status>inherit</wp:status>
		<wp:post_parent>0</wp:post_parent>
		<wp:menu_order>0</wp:menu_order>
		<wp:post_type>attachment</wp:post_type>
		<wp:post_password></wp:post_password>
		<wp:is_sticky>0</wp:is_sticky>
		<wp:attachment_url>https://priyankakasturia.files.wordpress.com/2021/04/img-20180916-wa0007.jpg</wp:attachment_url>
		<wp:postmeta>
			<wp:meta_key>_wp_attached_file</wp:meta_key>
			<wp:meta_value><![CDATA[/home/wpcom/public_html/wp-content/blogs.dir/68c/191766490/files/2021/04/img-20180916-wa0007.jpg]]></wp:meta_value>
		</wp:postmeta>
		<wp:postmeta>
			<wp:meta_key>_wp_attachment_metadata</wp:meta_key>
			<wp:meta_value><![CDATA[a:6:{s:5:"width";i:720;s:6:"height";i:737;s:4:"file";s:96:"/home/wpcom/public_html/wp-content/blogs.dir/68c/191766490/files/2021/04/img-20180916-wa0007.jpg";s:5:"sizes";a:0:{}s:10:"image_meta";a:12:{s:8:"aperture";s:1:"0";s:6:"credit";s:0:"";s:6:"camera";s:0:"";s:7:"caption";s:0:"";s:17:"created_timestamp";s:1:"0";s:9:"copyright";s:0:"";s:12:"focal_length";s:1:"0";s:3:"iso";s:1:"0";s:13:"shutter_speed";s:1:"0";s:5:"title";s:0:"";s:11:"orientation";s:1:"0";s:8:"keywords";a:0:{}}s:8:"filesize";i:184645;}]]></wp:meta_value>
		</wp:postmeta>
	</item>
	<item>
		<title>img-20180922-wa0010</title>
		<link>https://priyankakasturia.wordpress.com/img-20180922-wa0010/</link>
		<pubDate>Sun, 11 Apr 2021 08:47:56 +0000</pubDate>
		<dc:creator>sciencecept123</dc:creator>
		<guid isPermaLink="false">http://priyankakasturia.files.wordpress.com/2021/04/img-20180922-wa0010.jpg</guid>
		<description></description>
		<content:encoded><![CDATA[]]></content:encoded>
		<excerpt:encoded><![CDATA[]]></excerpt:encoded>
		<wp:post_id>58</wp:post_id>
		<wp:post_date>2021-04-11 14:17:56</wp:post_date>
		<wp:post_date_gmt>2021-04-11 08:47:56</wp:post_date_gmt>
		<wp:comment_status>open</wp:comment_status>
		<wp:ping_status>closed</wp:ping_status>
		<wp:post_name>img-20180922-wa0010</wp:post_name>
		<wp:status>inherit</wp:status>
		<wp:post_parent>0</wp:post_parent>
		<wp:menu_order>0</wp:menu_order>
		<wp:post_type>attachment</wp:post_type>
		<wp:post_password></wp:post_password>
		<wp:is_sticky>0</wp:is_sticky>
		<wp:attachment_url>https://priyankakasturia.files.wordpress.com/2021/04/img-20180922-wa0010.jpg</wp:attachment_url>
		<wp:postmeta>
			<wp:meta_key>_wp_attached_file</wp:meta_key>
			<wp:meta_value><![CDATA[/home/wpcom/public_html/wp-content/blogs.dir/68c/191766490/files/2021/04/img-20180922-wa0010.jpg]]></wp:meta_value>
		</wp:postmeta>
		<wp:postmeta>
			<wp:meta_key>_wp_attachment_metadata</wp:meta_key>
			<wp:meta_value><![CDATA[a:6:{s:5:"width";i:1280;s:6:"height";i:720;s:4:"file";s:96:"/home/wpcom/public_html/wp-content/blogs.dir/68c/191766490/files/2021/04/img-20180922-wa0010.jpg";s:5:"sizes";a:0:{}s:10:"image_meta";a:12:{s:8:"aperture";s:1:"0";s:6:"credit";s:0:"";s:6:"camera";s:0:"";s:7:"caption";s:0:"";s:17:"created_timestamp";s:1:"0";s:9:"copyright";s:0:"";s:12:"focal_length";s:1:"0";s:3:"iso";s:1:"0";s:13:"shutter_speed";s:1:"0";s:5:"title";s:0:"";s:11:"orientation";s:1:"0";s:8:"keywords";a:0:{}}s:8:"filesize";i:277173;}]]></wp:meta_value>
		</wp:postmeta>
	</item>
	<item>
		<title>b612_20180926_211008_790</title>
		<link>https://priyankakasturia.wordpress.com/b612_20180926_211008_790/</link>
		<pubDate>Sun, 11 Apr 2021 08:59:33 +0000</pubDate>
		<dc:creator>sciencecept123</dc:creator>
		<guid isPermaLink="false">http://priyankakasturia.files.wordpress.com/2021/04/b612_20180926_211008_790.jpg</guid>
		<description></description>
		<content:encoded><![CDATA[]]></content:encoded>
		<excerpt:encoded><![CDATA[]]></excerpt:encoded>
		<wp:post_id>60</wp:post_id>
		<wp:post_date>2021-04-11 14:29:33</wp:post_date>
		<wp:post_date_gmt>2021-04-11 08:59:33</wp:post_date_gmt>
		<wp:comment_status>open</wp:comment_status>
		<wp:ping_status>closed</wp:ping_status>
		<wp:post_name>b612_20180926_211008_790</wp:post_name>
		<wp:status>inherit</wp:status>
		<wp:post_parent>0</wp:post_parent>
		<wp:menu_order>0</wp:menu_order>
		<wp:post_type>attachment</wp:post_type>
		<wp:post_password></wp:post_password>
		<wp:is_sticky>0</wp:is_sticky>
		<wp:attachment_url>https://priyankakasturia.files.wordpress.com/2021/04/b612_20180926_211008_790.jpg</wp:attachment_url>
		<wp:postmeta>
			<wp:meta_key>_wp_attached_file</wp:meta_key>
			<wp:meta_value><![CDATA[/home/wpcom/public_html/wp-content/blogs.dir/68c/191766490/files/2021/04/b612_20180926_211008_790.jpg]]></wp:meta_value>
		</wp:postmeta>
		<wp:postmeta>
			<wp:meta_key>_wp_attachment_metadata</wp:meta_key>
			<wp:meta_value><![CDATA[a:6:{s:5:"width";i:1040;s:6:"height";i:780;s:4:"file";s:101:"/home/wpcom/public_html/wp-content/blogs.dir/68c/191766490/files/2021/04/b612_20180926_211008_790.jpg";s:5:"sizes";a:0:{}s:10:"image_meta";a:12:{s:8:"aperture";s:1:"0";s:6:"credit";s:0:"";s:6:"camera";s:0:"";s:7:"caption";s:0:"";s:17:"created_timestamp";s:1:"0";s:9:"copyright";s:0:"";s:12:"focal_length";s:1:"0";s:3:"iso";s:1:"0";s:13:"shutter_speed";s:1:"0";s:5:"title";s:0:"";s:11:"orientation";s:1:"0";s:8:"keywords";a:0:{}}s:8:"filesize";i:152706;}]]></wp:meta_value>
		</wp:postmeta>
	</item>
	<item>
		<title>sciencecept logo</title>
		<link>https://priyankakasturia.wordpress.com/about/sciencecept-logo/</link>
		<pubDate>Sun, 11 Apr 2021 11:38:18 +0000</pubDate>
		<dc:creator>sciencecept123</dc:creator>
		<guid isPermaLink="false">http://priyankakasturia.files.wordpress.com/2021/04/sciencecept-logo.png</guid>
		<description></description>
		<content:encoded><![CDATA[]]></content:encoded>
		<excerpt:encoded><![CDATA[]]></excerpt:encoded>
		<wp:post_id>68</wp:post_id>
		<wp:post_date>2021-04-11 17:08:18</wp:post_date>
		<wp:post_date_gmt>2021-04-11 11:38:18</wp:post_date_gmt>
		<wp:comment_status>open</wp:comment_status>
		<wp:ping_status>closed</wp:ping_status>
		<wp:post_name>sciencecept-logo</wp:post_name>
		<wp:status>inherit</wp:status>
		<wp:post_parent>26</wp:post_parent>
		<wp:menu_order>0</wp:menu_order>
		<wp:post_type>attachment</wp:post_type>
		<wp:post_password></wp:post_password>
		<wp:is_sticky>0</wp:is_sticky>
		<wp:attachment_url>https://priyankakasturia.files.wordpress.com/2021/04/sciencecept-logo.png</wp:attachment_url>
		<wp:postmeta>
			<wp:meta_key>_wp_attached_file</wp:meta_key>
			<wp:meta_value><![CDATA[/home/wpcom/public_html/wp-content/blogs.dir/68c/191766490/files/2021/04/sciencecept-logo.png]]></wp:meta_value>
		</wp:postmeta>
		<wp:postmeta>
			<wp:meta_key>_wp_attachment_metadata</wp:meta_key>
			<wp:meta_value><![CDATA[a:6:{s:5:"width";i:500;s:6:"height";i:500;s:4:"file";s:93:"/home/wpcom/public_html/wp-content/blogs.dir/68c/191766490/files/2021/04/sciencecept-logo.png";s:5:"sizes";a:0:{}s:10:"image_meta";a:12:{s:8:"aperture";s:1:"0";s:6:"credit";s:0:"";s:6:"camera";s:0:"";s:7:"caption";s:0:"";s:17:"created_timestamp";s:1:"0";s:9:"copyright";s:0:"";s:12:"focal_length";s:1:"0";s:3:"iso";s:1:"0";s:13:"shutter_speed";s:1:"0";s:5:"title";s:0:"";s:11:"orientation";s:1:"0";s:8:"keywords";a:0:{}}s:8:"filesize";i:17806;}]]></wp:meta_value>
		</wp:postmeta>
	</item>
	<item>
		<title>whatsapp-image-2021-02-27-at-19.26.51</title>
		<link>https://priyankakasturia.wordpress.com/whatsapp-image-2021-02-27-at-19-26-51/</link>
		<pubDate>Sun, 11 Apr 2021 12:06:52 +0000</pubDate>
		<dc:creator>sciencecept123</dc:creator>
		<guid isPermaLink="false">http://priyankakasturia.files.wordpress.com/2021/04/whatsapp-image-2021-02-27-at-19.26.51.jpeg</guid>
		<description></description>
		<content:encoded><![CDATA[]]></content:encoded>
		<excerpt:encoded><![CDATA[]]></excerpt:encoded>
		<wp:post_id>83</wp:post_id>
		<wp:post_date>2021-04-11 17:36:52</wp:post_date>
		<wp:post_date_gmt>2021-04-11 12:06:52</wp:post_date_gmt>
		<wp:comment_status>open</wp:comment_status>
		<wp:ping_status>closed</wp:ping_status>
		<wp:post_name>whatsapp-image-2021-02-27-at-19-26-51</wp:post_name>
		<wp:status>inherit</wp:status>
		<wp:post_parent>0</wp:post_parent>
		<wp:menu_order>0</wp:menu_order>
		<wp:post_type>attachment</wp:post_type>
		<wp:post_password></wp:post_password>
		<wp:is_sticky>0</wp:is_sticky>
		<wp:attachment_url>https://priyankakasturia.files.wordpress.com/2021/04/whatsapp-image-2021-02-27-at-19.26.51.jpeg</wp:attachment_url>
		<wp:postmeta>
			<wp:meta_key>_wp_attached_file</wp:meta_key>
			<wp:meta_value><![CDATA[/home/wpcom/public_html/wp-content/blogs.dir/68c/191766490/files/2021/04/whatsapp-image-2021-02-27-at-19.26.51.jpeg]]></wp:meta_value>
		</wp:postmeta>
		<wp:postmeta>
			<wp:meta_key>_wp_attachment_metadata</wp:meta_key>
			<wp:meta_value><![CDATA[a:6:{s:5:"width";i:640;s:6:"height";i:800;s:4:"file";s:115:"/home/wpcom/public_html/wp-content/blogs.dir/68c/191766490/files/2021/04/whatsapp-image-2021-02-27-at-19.26.51.jpeg";s:5:"sizes";a:0:{}s:10:"image_meta";a:12:{s:8:"aperture";s:1:"0";s:6:"credit";s:0:"";s:6:"camera";s:0:"";s:7:"caption";s:0:"";s:17:"created_timestamp";s:1:"0";s:9:"copyright";s:0:"";s:12:"focal_length";s:1:"0";s:3:"iso";s:1:"0";s:13:"shutter_speed";s:1:"0";s:5:"title";s:0:"";s:11:"orientation";s:1:"0";s:8:"keywords";a:0:{}}s:8:"filesize";i:67584;}]]></wp:meta_value>
		</wp:postmeta>
	</item>
	<item>
		<title>whatsapp-image-2020-11-04-at-17.30.14</title>
		<link>https://priyankakasturia.wordpress.com/whatsapp-image-2020-11-04-at-17-30-14/</link>
		<pubDate>Sun, 11 Apr 2021 12:10:40 +0000</pubDate>
		<dc:creator>sciencecept123</dc:creator>
		<guid isPermaLink="false">http://priyankakasturia.files.wordpress.com/2021/04/whatsapp-image-2020-11-04-at-17.30.14.jpeg</guid>
		<description></description>
		<content:encoded><![CDATA[]]></content:encoded>
		<excerpt:encoded><![CDATA[]]></excerpt:encoded>
		<wp:post_id>86</wp:post_id>
		<wp:post_date>2021-04-11 17:40:40</wp:post_date>
		<wp:post_date_gmt>2021-04-11 12:10:40</wp:post_date_gmt>
		<wp:comment_status>open</wp:comment_status>
		<wp:ping_status>closed</wp:ping_status>
		<wp:post_name>whatsapp-image-2020-11-04-at-17-30-14</wp:post_name>
		<wp:status>inherit</wp:status>
		<wp:post_parent>0</wp:post_parent>
		<wp:menu_order>0</wp:menu_order>
		<wp:post_type>attachment</wp:post_type>
		<wp:post_password></wp:post_password>
		<wp:is_sticky>0</wp:is_sticky>
		<wp:attachment_url>https://priyankakasturia.files.wordpress.com/2021/04/whatsapp-image-2020-11-04-at-17.30.14.jpeg</wp:attachment_url>
		<wp:postmeta>
			<wp:meta_key>_wp_attached_file</wp:meta_key>
			<wp:meta_value><![CDATA[/home/wpcom/public_html/wp-content/blogs.dir/68c/191766490/files/2021/04/whatsapp-image-2020-11-04-at-17.30.14.jpeg]]></wp:meta_value>
		</wp:postmeta>
		<wp:postmeta>
			<wp:meta_key>_wp_attachment_metadata</wp:meta_key>
			<wp:meta_value><![CDATA[a:6:{s:5:"width";i:1242;s:6:"height";i:1280;s:4:"file";s:115:"/home/wpcom/public_html/wp-content/blogs.dir/68c/191766490/files/2021/04/whatsapp-image-2020-11-04-at-17.30.14.jpeg";s:5:"sizes";a:0:{}s:10:"image_meta";a:12:{s:8:"aperture";s:1:"0";s:6:"credit";s:0:"";s:6:"camera";s:0:"";s:7:"caption";s:0:"";s:17:"created_timestamp";s:1:"0";s:9:"copyright";s:0:"";s:12:"focal_length";s:1:"0";s:3:"iso";s:1:"0";s:13:"shutter_speed";s:1:"0";s:5:"title";s:0:"";s:11:"orientation";s:1:"0";s:8:"keywords";a:0:{}}s:8:"filesize";i:109399;}]]></wp:meta_value>
		</wp:postmeta>
	</item>
	<item>
		<title></title>
		<link>https://priyankakasturia.wordpress.com/2021/04/11/94/</link>
		<pubDate>Sun, 11 Apr 2021 12:24:06 +0000</pubDate>
		<dc:creator>sciencecept123</dc:creator>
		<guid isPermaLink="false">https://priyankakasturia.wordpress.com/2021/04/11/94/</guid>
		<description></description>
		<content:encoded><![CDATA[ ]]></content:encoded>
		<excerpt:encoded><![CDATA[]]></excerpt:encoded>
		<wp:post_id>94</wp:post_id>
		<wp:post_date>2021-04-11 17:54:46</wp:post_date>
		<wp:post_date_gmt>2021-04-11 12:24:06</wp:post_date_gmt>
		<wp:comment_status>closed</wp:comment_status>
		<wp:ping_status>closed</wp:ping_status>
		<wp:post_name>94</wp:post_name>
		<wp:status>publish</wp:status>
		<wp:post_parent>0</wp:post_parent>
		<wp:menu_order>2</wp:menu_order>
		<wp:post_type>nav_menu_item</wp:post_type>
		<wp:post_password></wp:post_password>
		<wp:is_sticky>0</wp:is_sticky>
		<category domain="nav_menu" nicename="main"><![CDATA[Main]]></category>
		<wp:postmeta>
			<wp:meta_key>_publicize_pending</wp:meta_key>
			<wp:meta_value><![CDATA[1]]></wp:meta_value>
		</wp:postmeta>
		<wp:postmeta>
			<wp:meta_key>_menu_item_type</wp:meta_key>
			<wp:meta_value><![CDATA[post_type]]></wp:meta_value>
		</wp:postmeta>
		<wp:postmeta>
			<wp:meta_key>_menu_item_menu_item_parent</wp:meta_key>
			<wp:meta_value><![CDATA[0]]></wp:meta_value>
		</wp:postmeta>
		<wp:postmeta>
			<wp:meta_key>_menu_item_object_id</wp:meta_key>
			<wp:meta_value><![CDATA[26]]></wp:meta_value>
		</wp:postmeta>
		<wp:postmeta>
			<wp:meta_key>_menu_item_object</wp:meta_key>
			<wp:meta_value><![CDATA[page]]></wp:meta_value>
		</wp:postmeta>
		<wp:postmeta>
			<wp:meta_key>_menu_item_target</wp:meta_key>
			<wp:meta_value><![CDATA[]]></wp:meta_value>
		</wp:postmeta>
		<wp:postmeta>
			<wp:meta_key>_menu_item_classes</wp:meta_key>
			<wp:meta_value><![CDATA[a:1:{i:0;s:0:"";}]]></wp:meta_value>
		</wp:postmeta>
		<wp:postmeta>
			<wp:meta_key>_menu_item_xfn</wp:meta_key>
			<wp:meta_value><![CDATA[]]></wp:meta_value>
		</wp:postmeta>
		<wp:postmeta>
			<wp:meta_key>_menu_item_url</wp:meta_key>
			<wp:meta_value><![CDATA[]]></wp:meta_value>
		</wp:postmeta>
		<wp:postmeta>
			<wp:meta_key>_menu_item_content</wp:meta_key>
			<wp:meta_value><![CDATA[]]></wp:meta_value>
		</wp:postmeta>
	</item>
	<item>
		<title></title>
		<link>https://priyankakasturia.wordpress.com/2021/04/11/96/</link>
		<pubDate>Sun, 11 Apr 2021 12:24:47 +0000</pubDate>
		<dc:creator>sciencecept123</dc:creator>
		<guid isPermaLink="false">https://priyankakasturia.wordpress.com/2021/04/11/96/</guid>
		<description></description>
		<content:encoded><![CDATA[ ]]></content:encoded>
		<excerpt:encoded><![CDATA[]]></excerpt:encoded>
		<wp:post_id>96</wp:post_id>
		<wp:post_date>2021-04-11 17:54:47</wp:post_date>
		<wp:post_date_gmt>2021-04-11 12:24:47</wp:post_date_gmt>
		<wp:comment_status>closed</wp:comment_status>
		<wp:ping_status>closed</wp:ping_status>
		<wp:post_name>96</wp:post_name>
		<wp:status>publish</wp:status>
		<wp:post_parent>0</wp:post_parent>
		<wp:menu_order>2</wp:menu_order>
		<wp:post_type>nav_menu_item</wp:post_type>
		<wp:post_password></wp:post_password>
		<wp:is_sticky>0</wp:is_sticky>
		<category domain="nav_menu" nicename="primary"><![CDATA[Primary]]></category>
		<wp:postmeta>
			<wp:meta_key>_publicize_pending</wp:meta_key>
			<wp:meta_value><![CDATA[1]]></wp:meta_value>
		</wp:postmeta>
		<wp:postmeta>
			<wp:meta_key>_menu_item_type</wp:meta_key>
			<wp:meta_value><![CDATA[post_type]]></wp:meta_value>
		</wp:postmeta>
		<wp:postmeta>
			<wp:meta_key>_menu_item_menu_item_parent</wp:meta_key>
			<wp:meta_value><![CDATA[0]]></wp:meta_value>
		</wp:postmeta>
		<wp:postmeta>
			<wp:meta_key>_menu_item_object_id</wp:meta_key>
			<wp:meta_value><![CDATA[26]]></wp:meta_value>
		</wp:postmeta>
		<wp:postmeta>
			<wp:meta_key>_menu_item_object</wp:meta_key>
			<wp:meta_value><![CDATA[page]]></wp:meta_value>
		</wp:postmeta>
		<wp:postmeta>
			<wp:meta_key>_menu_item_target</wp:meta_key>
			<wp:meta_value><![CDATA[]]></wp:meta_value>
		</wp:postmeta>
		<wp:postmeta>
			<wp:meta_key>_menu_item_classes</wp:meta_key>
			<wp:meta_value><![CDATA[a:1:{i:0;s:0:"";}]]></wp:meta_value>
		</wp:postmeta>
		<wp:postmeta>
			<wp:meta_key>_menu_item_xfn</wp:meta_key>
			<wp:meta_value><![CDATA[]]></wp:meta_value>
		</wp:postmeta>
		<wp:postmeta>
			<wp:meta_key>_menu_item_url</wp:meta_key>
			<wp:meta_value><![CDATA[]]></wp:meta_value>
		</wp:postmeta>
		<wp:postmeta>
			<wp:meta_key>_menu_item_content</wp:meta_key>
			<wp:meta_value><![CDATA[]]></wp:meta_value>
		</wp:postmeta>
	</item>
	<item>
		<title>Welcome to ScienceCept</title>
		<link>https://priyankakasturia.wordpress.com/about/welcome-to-sciencecept/</link>
		<pubDate>Wed, 14 Apr 2021 14:28:01 +0000</pubDate>
		<dc:creator>sciencecept123</dc:creator>
		<guid isPermaLink="false">http://priyankakasturia.files.wordpress.com/2021/04/welcome-to-sciencecept.png</guid>
		<description></description>
		<content:encoded><![CDATA[]]></content:encoded>
		<excerpt:encoded><![CDATA[]]></excerpt:encoded>
		<wp:post_id>100</wp:post_id>
		<wp:post_date>2021-04-14 19:58:01</wp:post_date>
		<wp:post_date_gmt>2021-04-14 14:28:01</wp:post_date_gmt>
		<wp:comment_status>open</wp:comment_status>
		<wp:ping_status>closed</wp:ping_status>
		<wp:post_name>welcome-to-sciencecept</wp:post_name>
		<wp:status>inherit</wp:status>
		<wp:post_parent>26</wp:post_parent>
		<wp:menu_order>0</wp:menu_order>
		<wp:post_type>attachment</wp:post_type>
		<wp:post_password></wp:post_password>
		<wp:is_sticky>0</wp:is_sticky>
		<wp:attachment_url>https://priyankakasturia.files.wordpress.com/2021/04/welcome-to-sciencecept.png</wp:attachment_url>
		<wp:postmeta>
			<wp:meta_key>_wp_attached_file</wp:meta_key>
			<wp:meta_value><![CDATA[/home/wpcom/public_html/wp-content/blogs.dir/68c/191766490/files/2021/04/welcome-to-sciencecept.png]]></wp:meta_value>
		</wp:postmeta>
		<wp:postmeta>
			<wp:meta_key>_wp_attachment_metadata</wp:meta_key>
			<wp:meta_value><![CDATA[a:6:{s:5:"width";i:1350;s:6:"height";i:650;s:4:"file";s:99:"/home/wpcom/public_html/wp-content/blogs.dir/68c/191766490/files/2021/04/welcome-to-sciencecept.png";s:5:"sizes";a:0:{}s:10:"image_meta";a:12:{s:8:"aperture";s:1:"0";s:6:"credit";s:0:"";s:6:"camera";s:0:"";s:7:"caption";s:0:"";s:17:"created_timestamp";s:1:"0";s:9:"copyright";s:0:"";s:12:"focal_length";s:1:"0";s:3:"iso";s:1:"0";s:13:"shutter_speed";s:1:"0";s:5:"title";s:0:"";s:11:"orientation";s:1:"0";s:8:"keywords";a:0:{}}s:8:"filesize";i:94212;}]]></wp:meta_value>
		</wp:postmeta>
	</item>
	<item>
		<title>priyanka-kasturia-cv-10-april-2021</title>
		<link>https://priyankakasturia.wordpress.com/priyanka-kasturia-cv-10-april-2021/</link>
		<pubDate>Wed, 14 Apr 2021 15:03:36 +0000</pubDate>
		<dc:creator>sciencecept123</dc:creator>
		<guid isPermaLink="false">http://priyankakasturia.files.wordpress.com/2021/04/priyanka-kasturia-cv-10-april-2021.pdf</guid>
		<description></description>
		<content:encoded><![CDATA[]]></content:encoded>
		<excerpt:encoded><![CDATA[]]></excerpt:encoded>
		<wp:post_id>104</wp:post_id>
		<wp:post_date>2021-04-14 20:33:36</wp:post_date>
		<wp:post_date_gmt>2021-04-14 15:03:36</wp:post_date_gmt>
		<wp:comment_status>open</wp:comment_status>
		<wp:ping_status>closed</wp:ping_status>
		<wp:post_name>priyanka-kasturia-cv-10-april-2021</wp:post_name>
		<wp:status>inherit</wp:status>
		<wp:post_parent>0</wp:post_parent>
		<wp:menu_order>0</wp:menu_order>
		<wp:post_type>attachment</wp:post_type>
		<wp:post_password></wp:post_password>
		<wp:is_sticky>0</wp:is_sticky>
		<wp:attachment_url>https://priyankakasturia.files.wordpress.com/2021/04/priyanka-kasturia-cv-10-april-2021.pdf</wp:attachment_url>
		<wp:postmeta>
			<wp:meta_key>_wp_attached_file</wp:meta_key>
			<wp:meta_value><![CDATA[/home/wpcom/public_html/wp-content/blogs.dir/68c/191766490/files/2021/04/priyanka-kasturia-cv-10-april-2021.pdf]]></wp:meta_value>
		</wp:postmeta>
	</item>
	<item>
		<title>priyanka-kasturia-2</title>
		<link>https://priyankakasturia.wordpress.com/priyanka-kasturia-2/</link>
		<pubDate>Wed, 14 Apr 2021 16:28:08 +0000</pubDate>
		<dc:creator>sciencecept123</dc:creator>
		<guid isPermaLink="false">http://priyankakasturia.files.wordpress.com/2021/04/priyanka-kasturia-2.png</guid>
		<description></description>
		<content:encoded><![CDATA[]]></content:encoded>
		<excerpt:encoded><![CDATA[]]></excerpt:encoded>
		<wp:post_id>110</wp:post_id>
		<wp:post_date>2021-04-14 21:58:08</wp:post_date>
		<wp:post_date_gmt>2021-04-14 16:28:08</wp:post_date_gmt>
		<wp:comment_status>open</wp:comment_status>
		<wp:ping_status>closed</wp:ping_status>
		<wp:post_name>priyanka-kasturia-2</wp:post_name>
		<wp:status>inherit</wp:status>
		<wp:post_parent>0</wp:post_parent>
		<wp:menu_order>0</wp:menu_order>
		<wp:post_type>attachment</wp:post_type>
		<wp:post_password></wp:post_password>
		<wp:is_sticky>0</wp:is_sticky>
		<wp:attachment_url>https://priyankakasturia.files.wordpress.com/2021/04/priyanka-kasturia-2.png</wp:attachment_url>
		<wp:postmeta>
			<wp:meta_key>_wp_attachment_is_custom_background</wp:meta_key>
			<wp:meta_value><![CDATA[pub/twentytwenty]]></wp:meta_value>
		</wp:postmeta>
		<wp:postmeta>
			<wp:meta_key>_wp_attached_file</wp:meta_key>
			<wp:meta_value><![CDATA[/home/wpcom/public_html/wp-content/blogs.dir/68c/191766490/files/2021/04/priyanka-kasturia-2.png]]></wp:meta_value>
		</wp:postmeta>
		<wp:postmeta>
			<wp:meta_key>_wp_attachment_metadata</wp:meta_key>
			<wp:meta_value><![CDATA[a:6:{s:5:"width";i:1350;s:6:"height";i:650;s:4:"file";s:96:"/home/wpcom/public_html/wp-content/blogs.dir/68c/191766490/files/2021/04/priyanka-kasturia-2.png";s:5:"sizes";a:0:{}s:10:"image_meta";a:12:{s:8:"aperture";s:1:"0";s:6:"credit";s:0:"";s:6:"camera";s:0:"";s:7:"caption";s:0:"";s:17:"created_timestamp";s:1:"0";s:9:"copyright";s:0:"";s:12:"focal_length";s:1:"0";s:3:"iso";s:1:"0";s:13:"shutter_speed";s:1:"0";s:5:"title";s:0:"";s:11:"orientation";s:1:"0";s:8:"keywords";a:0:{}}s:8:"filesize";i:552242;}]]></wp:meta_value>
		</wp:postmeta>
	</item>
	<item>
		<title>LinkedIn</title>
		<link>https://priyankakasturia.wordpress.com/2021/04/14/linkedin/</link>
		<pubDate>Wed, 14 Apr 2021 16:57:45 +0000</pubDate>
		<dc:creator>sciencecept123</dc:creator>
		<guid isPermaLink="false">https://priyankakasturia.wordpress.com/2021/04/14/linkedin/</guid>
		<description></description>
		<content:encoded><![CDATA[]]></content:encoded>
		<excerpt:encoded><![CDATA[]]></excerpt:encoded>
		<wp:post_id>121</wp:post_id>
		<wp:post_date>2021-04-14 22:27:45</wp:post_date>
		<wp:post_date_gmt>2021-04-14 16:57:45</wp:post_date_gmt>
		<wp:comment_status>closed</wp:comment_status>
		<wp:ping_status>closed</wp:ping_status>
		<wp:post_name>linkedin</wp:post_name>
		<wp:status>publish</wp:status>
		<wp:post_parent>0</wp:post_parent>
		<wp:menu_order>4</wp:menu_order>
		<wp:post_type>nav_menu_item</wp:post_type>
		<wp:post_password></wp:post_password>
		<wp:is_sticky>0</wp:is_sticky>
		<category domain="nav_menu" nicename="social-links"><![CDATA[Social Links]]></category>
		<wp:postmeta>
			<wp:meta_key>_menu_item_xfn</wp:meta_key>
			<wp:meta_value><![CDATA[]]></wp:meta_value>
		</wp:postmeta>
		<wp:postmeta>
			<wp:meta_key>_menu_item_url</wp:meta_key>
			<wp:meta_value><![CDATA[https://www.linkedin.com/in/priyanka-kasturia-306204144/]]></wp:meta_value>
		</wp:postmeta>
		<wp:postmeta>
			<wp:meta_key>_publicize_pending</wp:meta_key>
			<wp:meta_value><![CDATA[1]]></wp:meta_value>
		</wp:postmeta>
		<wp:postmeta>
			<wp:meta_key>_menu_item_type</wp:meta_key>
			<wp:meta_value><![CDATA[custom]]></wp:meta_value>
		</wp:postmeta>
		<wp:postmeta>
			<wp:meta_key>_menu_item_menu_item_parent</wp:meta_key>
			<wp:meta_value><![CDATA[0]]></wp:meta_value>
		</wp:postmeta>
		<wp:postmeta>
			<wp:meta_key>_menu_item_object_id</wp:meta_key>
			<wp:meta_value><![CDATA[121]]></wp:meta_value>
		</wp:postmeta>
		<wp:postmeta>
			<wp:meta_key>_menu_item_object</wp:meta_key>
			<wp:meta_value><![CDATA[custom]]></wp:meta_value>
		</wp:postmeta>
		<wp:postmeta>
			<wp:meta_key>_menu_item_target</wp:meta_key>
			<wp:meta_value><![CDATA[]]></wp:meta_value>
		</wp:postmeta>
		<wp:postmeta>
			<wp:meta_key>_menu_item_classes</wp:meta_key>
			<wp:meta_value><![CDATA[a:1:{i:0;s:0:"";}]]></wp:meta_value>
		</wp:postmeta>
		<wp:postmeta>
			<wp:meta_key>_menu_item_content</wp:meta_key>
			<wp:meta_value><![CDATA[]]></wp:meta_value>
		</wp:postmeta>
	</item>
</channel>
</rss>
